title,provider,type,description,categories,audience,url,collections,in_playlist,review,notes,checked
APH Access Academy — full collection,APH,Video collection,170 available recordings were indexed; 30 unavailable entries were excluded. Includes professional training and product instruction.,ECC overview,"Families, learners, and educators",https://www.youtube.com/playlist?list=PLUj6DcM1nN3ETBrf17n6IKIxSihSU-gx0,Further learning,Not applicable,Official resource page or collection checked,"Provider controls availability, enrollment, and updates.",2026-10-06
APH Hive,APH,Learning hub,APH’s learning platform for deeper courses. Browse current offerings and enrollment requirements on the provider site.,ECC overview,"Families, learners, and educators",https://www.aphhive.org/,Further learning,Not applicable,Official resource page or collection checked,"Provider controls availability, enrollment, and updates.",2026-10-06
APH training and webinars,APH,Learning hub,"Official route to APH training, upcoming sessions, and recording information.",ECC overview,"Families, learners, and educators",https://www.aph.org/webinars/,Further learning,Not applicable,Official resource page or collection checked,"Provider controls availability, enrollment, and updates.",2026-10-06
APH Virtual ExCEL Academy — full archive,APH,Video collection,145 available lessons were indexed; five unavailable entries were excluded. This is an archived learning collection.,ECC overview,"Families, learners, and educators",https://www.youtube.com/playlist?list=PLUj6DcM1nN3EGnleJhGT296nMNJj9IwmB,Further learning,Not applicable,Official resource page or collection checked,"Provider controls availability, enrollment, and updates.",2026-10-06
Master Your Mantis Q40 — full series,APH,Video collection,"Ten concise APH tutorials covering connection, menus, reading services, and device modes. All ten are included in the starting selection.",Assistive technology; Compensatory access,"Families, learners, and educators",https://www.youtube.com/playlist?list=PLUj6DcM1nN3GKpF2QB1b0LQlv0oA8_Ztd,Further learning,Not applicable,Official resource page or collection checked,"Provider controls availability, enrollment, and updates.",2026-10-06
APH CareerConnect,APH ConnectCenter,Learning hub,Career exploration and employment resources for people who are blind or have low vision.,Career education; Self-determination,Teens and adults,https://aphconnectcenter.org/careerconnect/,Further learning,Not applicable,Official resource page or collection checked,"Provider controls availability, enrollment, and updates.",2026-10-06
O&M for students with additional disabilities,APH FamilyConnect,Guide,Family-oriented explanation of mobility learning for students with visual impairments and additional disabilities.,Orientation and mobility,"Families, learners, and educators",https://aphconnectcenter.org/familyconnect/education/ecc/orientation-and-mobility/orientation-and-mobility-ecc-6104/,Further learning,Not applicable,Official resource page or collection checked,"Provider controls availability, enrollment, and updates.",2026-10-06
APH Tactile Graphics — supplied collection,BTactile / APH recordings,Video collection,15 available APH recordings were indexed from this BTactile-curated collection; four unavailable entries were excluded.,Compensatory access,"Families, learners, and educators",https://www.youtube.com/playlist?list=PLmVqzafeLXwIb23jk95l6GnHPnSr2j55g,Further learning,Not applicable,Official resource page or collection checked,"Provider controls availability, enrollment, and updates.",2026-10-06
Guided walking basics,Hadley,Workshop,Introductory guided-walking workshop for people with vision loss and their guides.,Orientation and mobility,"Families, learners, and educators",https://hadleyhelps.org/workshops/tips-for-guided-walking/guided-walking-basics,Further learning,Not applicable,Official resource page or collection checked,"Provider controls availability, enrollment, and updates.",2026-10-06
Hadley learning library,Hadley,Learning hub,"Practical learning and support for living with vision loss, with routes into technology, daily living, and other interests.",Independent living; Assistive technology; Recreation and leisure,"Adults, families, and support teams",https://hadleyhelps.org/learn,Further learning,Not applicable,Official resource page or collection checked,"Provider controls availability, enrollment, and updates.",2026-10-06
Hadley workshop catalog,Hadley,Learning hub,Browse Hadley’s workshop topics and choose a learning sequence suited to your goals.,ECC overview,Adults and families,https://catalog.hadleyhelps.org/,Further learning,Not applicable,Official resource page or collection checked,"Provider controls availability, enrollment, and updates.",2026-10-06
Kitchen safety basics,Hadley,Workshop,Practical workshop about working safely in the kitchen with vision loss.,Independent living,"Families, learners, and educators",https://hadleyhelps.org/workshops/cooking-series/cooking-kitchen-safety-basics,Further learning,Not applicable,Official resource page or collection checked,"Provider controls availability, enrollment, and updates.",2026-10-06
Making your home low-vision friendly,Hadley,Workshop,Explore home adaptations for visual access in daily activities.,Sensory efficiency; Independent living,"Families, learners, and educators",https://hadleyhelps.org/workshops/low-vision-series/making-your-home-low-vision-friendly,Further learning,Not applicable,Official resource page or collection checked,"Provider controls availability, enrollment, and updates.",2026-10-06
Using sharp knives,Hadley,Workshop,Cooking workshop on knife use; choose appropriate instruction and tools for your needs.,Independent living,"Families, learners, and educators",https://hadleyhelps.org/workshops/cooking-series/cooking-using-sharp-knives,Further learning,Not applicable,Official resource page or collection checked,"Provider controls availability, enrollment, and updates.",2026-10-06
VoiceOver on and off — iPhone and iPad,Hadley,Workshop,Beginner workshop for switching VoiceOver on and off on Apple mobile devices.,Assistive technology,"Families, learners, and educators",https://hadleyhelps.org/workshops/basics-of-voiceover-series/iphone-ipad-voiceover-on-and-off,Further learning,Not applicable,Official resource page or collection checked,"Provider controls availability, enrollment, and updates.",2026-10-06
Braille literacy resources across ages,Library of Congress / NLS,Guide,"Resource guide for finding Braille learning and literacy supports for children, teens, and adults.",Compensatory access,"Families, learners, and educators",https://www.loc.gov/nls/services-and-resources/informational-publications/braille-literacy-for-children-teens-and-adults/,Further learning,Not applicable,Official resource page or collection checked,"Provider controls availability, enrollment, and updates.",2026-10-06
ECC screening tool,Paths to Literacy,Planning tool,Screening resource to support discussion of ECC skills. Screening does not replace a full individualized assessment.,ECC overview,"Families, learners, and educators",https://www.pathstoliteracy.org/resource/expanded-core-curriculum-screening-tool/,Further learning,Not applicable,Official resource page or collection checked,"Provider controls availability, enrollment, and updates.",2026-10-06
Independent residential living for college,Perkins,Guide,College-readiness resource about managing daily living in a residential setting.,Independent living,Transition-age learners,https://www.perkins.org/resource/college-readiness-tip-independent-residential-living/,Further learning,Not applicable,Official resource page or collection checked,"Provider controls availability, enrollment, and updates.",2026-10-06
Orientation and mobility for college,Perkins,Guide,College-readiness resource about travel preparation and O&M skills.,Orientation and mobility,Transition-age learners,https://www.perkins.org/resource/college-readiness-tip-orientation-mobility/,Further learning,Not applicable,Official resource page or collection checked,"Provider controls availability, enrollment, and updates.",2026-10-06
Perkins learning and resources,Perkins,Learning hub,"Entry point to Perkins education, CVI, family resources, and professional learning.",ECC overview,"Families, learners, and educators",https://www.perkins.org/,Further learning,Not applicable,Official resource page or collection checked,"Provider controls availability, enrollment, and updates.",2026-10-06
Self-advocacy and self-determination for college,Perkins,Guide,College-readiness resource focused on identifying needs and communicating for access.,Self-determination,Transition-age learners,https://www.perkins.org/resource/college-readiness-tip-self-advocacy-self-determination-skills/,Further learning,Not applicable,Official resource page or collection checked,"Provider controls availability, enrollment, and updates.",2026-10-06
The nine ECC areas — Perkins guide,Perkins,PDF guide,Concise overview of the nine Expanded Core Curriculum areas for blindness and low-vision education.,ECC overview,"Families, learners, and educators",https://www.perkins.org/wp-content/uploads/2021/07/ECC_Brochure_2021_digital.pdf,Further learning,Not applicable,Official resource page or collection checked,"Provider controls availability, enrollment, and updates.",2026-10-06
Social interaction skills,Perkins / Paths to Technology,Guide,Resource about teaching and supporting social interaction as part of the ECC.,Social interaction,"Families, learners, and educators",https://www.perkins.org/resource/social-interaction-skills/,Further learning,Not applicable,Official resource page or collection checked,"Provider controls availability, enrollment, and updates.",2026-10-06
TSBVI ECC video library,TSBVI,Learning hub,"Broad ECC collection including assessment, home and community collaboration, DeafBlind learning, O&M, and transition sessions.",ECC overview,"Families, learners, and educators",https://library.tsbvi.edu/Browse/Tag/expanded%20core%20curriculum,Further learning,Not applicable,Official resource page or collection checked,"Provider controls availability, enrollment, and updates.",2026-10-06
JAWS Videos — full training collection,Vispero Training,Video collection,100 available tutorials were indexed; ten unavailable entries were excluded. Includes older application demonstrations.,Assistive technology,"Families, learners, and educators",https://www.youtube.com/playlist?list=PLk-npwu4WEBQv3yUi7JKn7BkZMfBX3vfF,Further learning,Not applicable,Official resource page or collection checked,"Provider controls availability, enrollment, and updates.",2026-10-06
Aarna Learns Cause/Effect and Means/Ends — Sensory Learning Kit (SLK),APH — American Printing House for the Blind,Video,Demonstration of cause-and-effect and means-end learning using the Sensory Learning Kit.,Sensory efficiency; Compensatory access,Teams supporting complex needs,https://www.youtube.com/watch?v=RbQnwin2Qz8,Selected starting resources,Yes,Provider and published lesson information reviewed,"Older technology, program, policy, and health information may require current verification. Captions and transcripts have not been audited.",2026-10-06
Abacus and Mental Math: Why It Matters,APH — American Printing House for the Blind,Video,Explore why abacus instruction and mental math matter for mathematical access and learning.,Compensatory access,Math educators and learners,https://www.youtube.com/watch?v=HjiQnUo1ENw,Selected starting resources; APH Access Academy,Yes,Provider and published lesson information reviewed,"Older technology, program, policy, and health information may require current verification. Captions and transcripts have not been audited.",2026-10-06
Active Learning: Pathways to Learning,APH — American Printing House for the Blind,Video,Brief introduction to Active Learning and opportunities for exploration and engagement.,Sensory efficiency; Compensatory access,Families and educators,https://www.youtube.com/watch?v=BUbaY9x75Jg,Selected starting resources,Yes,Provider and published lesson information reviewed,"Older technology, program, policy, and health information may require current verification. Captions and transcripts have not been audited.",2026-10-06
Bluetooth Connection Tips: Master Your Mantis Q40,APH — American Printing House for the Blind,Video,Tips for Mantis Q40 Bluetooth connections and common connection issues.,Assistive technology,Mantis users,https://www.youtube.com/watch?v=YUPztQqqIr4,Selected starting resources,Yes,Provider and published lesson information reviewed,"Older technology, program, policy, and health information may require current verification. Captions and transcripts have not been audited.",2026-10-06
Bookshare: Master Your Mantis Q40,APH — American Printing House for the Blind,Video,Demonstration of Bookshare access on the Mantis Q40; account and service requirements may change.,Assistive technology; Compensatory access,Mantis users,https://www.youtube.com/watch?v=JI_tWCqFXvY,Selected starting resources,Yes,Provider and published lesson information reviewed,"Older technology, program, policy, and health information may require current verification. Captions and transcripts have not been audited.",2026-10-06
Brick-by-Brick Literacy,APH — American Printing House for the Blind,Video,Explore an activity-based approach to literacy through the Brick-by-Brick Literacy lesson.,Compensatory access; Recreation and leisure,Learners and educators,https://www.youtube.com/watch?v=t0DDZMuXosw,Selected starting resources; APH Access Academy,Yes,Provider and published lesson information reviewed,"Older technology, program, policy, and health information may require current verification. Captions and transcripts have not been audited.",2026-10-06
Bringing Braille Basics Home Lesson 1: Letters A-J,APH — American Printing House for the Blind,Video,Introductory lesson on Braille letters A–J; a starting point for further guided practice.,Compensatory access,Braille beginners and families,https://www.youtube.com/watch?v=EzaRVdWMbao,Selected starting resources,Yes,Provider and published lesson information reviewed,"Older technology, program, policy, and health information may require current verification. Captions and transcripts have not been audited.",2026-10-06
Bringing Braille Basics Home: Introduction to Braille,APH — American Printing House for the Blind,Video,Short introduction to Braille in APH's family-oriented basics series.,Compensatory access,Braille beginners and families,https://www.youtube.com/watch?v=uuLzQ7YhErs,Selected starting resources,Yes,Provider and published lesson information reviewed,"Older technology, program, policy, and health information may require current verification. Captions and transcripts have not been audited.",2026-10-06
Building Communication Using the Sensing and Learning Approach,APH — American Printing House for the Blind,Video,Explore a sensory-based approach to building communication with learners who need individualized access.,Compensatory access; Sensory efficiency,Teams supporting complex needs,https://www.youtube.com/watch?v=_Pju6Ly9mic,Selected starting resources; APH Access Academy,Yes,Provider and published lesson information reviewed,"Older technology, program, policy, and health information may require current verification. Captions and transcripts have not been audited.",2026-10-06
Career Conversations Interview with a Program Manager at Microsoft,APH — American Printing House for the Blind,Video,Career conversation with a Microsoft program manager; prompts for exploring paths and workplace experiences.,Career education; Self-determination,Teens and job seekers,https://www.youtube.com/watch?v=ULm4aPCC6So,Selected starting resources,Yes,Provider and published lesson information reviewed,"Older technology, program, policy, and health information may require current verification. Captions and transcripts have not been audited.",2026-10-06
Career Conversations: Interview with a Director of Product Development,APH — American Printing House for the Blind,Video,Career interview with a product-development director. Use it to spark questions about work and preparation.,Career education; Self-determination,Teens and job seekers,https://www.youtube.com/watch?v=PcO4DQqg3Gs,Selected starting resources,Yes,Provider and published lesson information reviewed,"Older technology, program, policy, and health information may require current verification. Captions and transcripts have not been audited.",2026-10-06
Connecting to Bluetooth: Master Your Mantis Q40,APH — American Printing House for the Blind,Video,Short APH tutorial on connecting the Mantis Q40 by Bluetooth.,Assistive technology,Mantis users,https://www.youtube.com/watch?v=cIMdSMKZcYg,Selected starting resources,Yes,Provider and published lesson information reviewed,"Older technology, program, policy, and health information may require current verification. Captions and transcripts have not been audited.",2026-10-06
Connecting to Wi-Fi: Master Your Mantis Q40,APH — American Printing House for the Blind,Video,Short tutorial on connecting the Mantis Q40 to Wi-Fi.,Assistive technology,Mantis users,https://www.youtube.com/watch?v=oZnT2qg5qVU,Selected starting resources,Yes,Provider and published lesson information reviewed,"Older technology, program, policy, and health information may require current verification. Captions and transcripts have not been audited.",2026-10-06
Context Menu: Master Your Mantis Q40,APH — American Printing House for the Blind,Video,Introduction to using the Mantis Q40 context menu.,Assistive technology,Mantis users,https://www.youtube.com/watch?v=OlmXTM3P5og,Selected starting resources,Yes,Provider and published lesson information reviewed,"Older technology, program, policy, and health information may require current verification. Captions and transcripts have not been audited.",2026-10-06
Creating Collage Tactile Graphics,APH — American Printing House for the Blind,Video,Explore making collage tactile graphics with hands-on materials.,Compensatory access,Educators and families,https://www.youtube.com/watch?v=xsEjdUHkwy8,Selected starting resources; APH Access Academy; APH Tactile Graphics (BTactile collection),Yes,Provider and published lesson information reviewed,"Older technology, program, policy, and health information may require current verification. Captions and transcripts have not been audited.",2026-10-06
Determining Instructional Purpose of Tactile Graphics,APH — American Printing House for the Blind,Video,Connect a tactile graphic's design with its instructional purpose and the learner's needs.,Compensatory access,Educators,https://www.youtube.com/watch?v=vp1uDSjTQag,Selected starting resources; APH Access Academy,Yes,Provider and published lesson information reviewed,"Older technology, program, policy, and health information may require current verification. Captions and transcripts have not been audited.",2026-10-06
Enhance Tactile Feedback in Art: Discover New Tools and Materials – APH ArtSmart Series Part 2,APH — American Printing House for the Blind,Video,Second ArtSmart session explores tools and materials for tactile feedback in art.,Recreation and leisure; Sensory efficiency,Art educators and families,https://www.youtube.com/watch?v=AqaPCW16cCs,Selected starting resources,Yes,Provider and published lesson information reviewed,"Older technology, program, policy, and health information may require current verification. Captions and transcripts have not been audited.",2026-10-06
Escape Rooms for Orientation and Mobility,APH — American Printing House for the Blind,Video,"Use escape-room activities to practice spatial concepts, directions, and mental mapping with prepared learners.",Orientation and mobility; Recreation and leisure,O&M educators,https://www.youtube.com/watch?v=8eMinLWFIAA,Selected starting resources; APH Virtual ExCEL Academy,Yes,Provider and published lesson information reviewed,"Older technology, program, policy, and health information may require current verification. Captions and transcripts have not been audited.",2026-10-06
Exam Mode: Master Your Mantis Q40,APH — American Printing House for the Blind,Video,Explore Mantis Q40 Exam Mode. Confirm requirements with the relevant assessment team.,Assistive technology,Mantis users and education teams,https://www.youtube.com/watch?v=-qnPpDKvdpA,Selected starting resources,Yes,Provider and published lesson information reviewed,"Older technology, program, policy, and health information may require current verification. Captions and transcripts have not been audited.",2026-10-06
Explore and Use the Tactile Graphic Image Library,APH — American Printing House for the Blind,Video,Learn about using APH's Tactile Graphic Image Library in accessible materials.,Compensatory access; Assistive technology,Accessible-material creators,https://www.youtube.com/watch?v=iP-JqFEVDMw,Selected starting resources; APH Access Academy; APH Tactile Graphics (BTactile collection),Yes,Provider and published lesson information reviewed,"Older technology, program, policy, and health information may require current verification. Captions and transcripts have not been audited.",2026-10-06
Feel the Beat of Braille Music,APH — American Printing House for the Blind,Video,Introduction to Braille music and possibilities for accessible music literacy.,Compensatory access; Recreation and leisure,Braille readers and music educators,https://www.youtube.com/watch?v=5NCn3XJHtNQ,Selected starting resources; APH Access Academy,Yes,Provider and published lesson information reviewed,"Older technology, program, policy, and health information may require current verification. Captions and transcripts have not been audited.",2026-10-06
Foundations of Duxbury,APH — American Printing House for the Blind,Video,Foundational Duxbury training for people preparing accessible Braille materials.,Assistive technology; Compensatory access,Braille production teams,https://www.youtube.com/watch?v=dlxtsOMp6Ag,Selected starting resources; APH Access Academy,Yes,Provider and published lesson information reviewed,"Older technology, program, policy, and health information may require current verification. Captions and transcripts have not been audited.",2026-10-06
From Diagnosis to Employment: Supporting Learners Who are Blind or Deafblind Across the Lifespan,APH — American Printing House for the Blind,Video,Explore connected support from diagnosis through learning and employment across the lifespan.,Career education; ECC overview,Blind and DeafBlind support teams,https://www.youtube.com/watch?v=0JQVFjuO_Co,Selected starting resources; APH Access Academy,Yes,Provider and published lesson information reviewed,"Older technology, program, policy, and health information may require current verification. Captions and transcripts have not been audited.",2026-10-06
"Google Products with JAWS, NVDA, or Chromevox",APH — American Printing House for the Blind,Video,Explore access to Google tools with three screen readers. Older interfaces may differ from current versions.,Assistive technology,Students and educators,https://www.youtube.com/watch?v=RZ9EymHw85M,Selected starting resources; APH Virtual ExCEL Academy,Yes,Provider and published lesson information reviewed,"Older technology, program, policy, and health information may require current verification. Captions and transcripts have not been audited.",2026-10-06
Home Improvement: Learn Basic Tools & Tricks for Repair Around the House,APH — American Printing House for the Blind,Video,Introduction to basic household tools and repair skills. Match tasks to preparation and supervision.,Independent living,Teens and adults,https://www.youtube.com/watch?v=afS-4C0o9nQ,Selected starting resources; APH Virtual ExCEL Academy,Yes,Provider and published lesson information reviewed,"Older technology, program, policy, and health information may require current verification. Captions and transcripts have not been audited.",2026-10-06
I Can See More with My Optical Devices,APH — American Printing House for the Blind,Video,Explore using prescribed optical devices for learning tasks with appropriate specialist support.,Sensory efficiency; Assistive technology,Low-vision learners,https://www.youtube.com/watch?v=kHC9jQj0XwY,Selected starting resources; APH Virtual ExCEL Academy,Yes,Provider and published lesson information reviewed,"Older technology, program, policy, and health information may require current verification. Captions and transcripts have not been audited.",2026-10-06
Integrating Art Into Core Curriculum: Enhancing Learning w/ Tactile Techniques –ArtSmart Part 3,APH — American Printing House for the Blind,Video,Third ArtSmart session connects tactile art techniques with classroom learning.,Recreation and leisure; Compensatory access,Educators,https://www.youtube.com/watch?v=wGglvHhzYdU,Selected starting resources,Yes,Provider and published lesson information reviewed,"Older technology, program, policy, and health information may require current verification. Captions and transcripts have not been audited.",2026-10-06
Keyboarding,APH — American Printing House for the Blind,Video,ExCEL keyboarding instruction for building access to digital writing and learning.,Assistive technology; Compensatory access,School-age learners,https://www.youtube.com/watch?v=aX3iFX8SeSo,Selected starting resources; APH Virtual ExCEL Academy,Yes,Provider and published lesson information reviewed,"Older technology, program, policy, and health information may require current verification. Captions and transcripts have not been audited.",2026-10-06
"Kids Cook, Too!",APH — American Printing House for the Blind,Video,Child-focused cooking activities that offer opportunities to practice preparation and participation.,Independent living,Elementary learners and families,https://www.youtube.com/watch?v=7TPCu3kGAG8,Selected starting resources; APH Virtual ExCEL Academy,Yes,Provider and published lesson information reviewed,"Older technology, program, policy, and health information may require current verification. Captions and transcripts have not been audited.",2026-10-06
Know Thyself and Your IEP,APH — American Printing House for the Blind,Video,"Build understanding of personal learning needs, goals, and participation in IEP discussions. Historical educational recording.",Self-determination,Middle and high school,https://www.youtube.com/watch?v=KBl658K80Fw,Selected starting resources; APH Virtual ExCEL Academy,Yes,Provider and published lesson information reviewed,"Older technology, program, policy, and health information may require current verification. Captions and transcripts have not been audited.",2026-10-06
Learning About My Eye,APH — American Printing House for the Blind,Video,Student-oriented lesson about understanding one's eye and describing visual access needs.,Sensory efficiency; Self-determination,Low-vision students,https://www.youtube.com/watch?v=bGz6Nn9IP9Q,Selected starting resources; APH Virtual ExCEL Academy,Yes,Provider and published lesson information reviewed,"Older technology, program, policy, and health information may require current verification. Captions and transcripts have not been audited.",2026-10-06
Learning and Living with Senses in Our Home,APH — American Printing House for the Blind,Video,Explore everyday home learning through accessible sensory experiences.,Sensory efficiency; Independent living,Families and learners with additional disabilities,https://www.youtube.com/watch?v=4BFY2mIOMIU,Selected starting resources; APH Virtual ExCEL Academy,Yes,Provider and published lesson information reviewed,"Older technology, program, policy, and health information may require current verification. Captions and transcripts have not been audited.",2026-10-06
Likeable vs Likes – Strong and Safe Communication on Social Media,APH — American Printing House for the Blind,Video,"Discuss communication and safety on social media, including choices beyond likes and popularity.",Social interaction; Self-determination,Middle and high school,https://www.youtube.com/watch?v=NXMIrG2yU64,Selected starting resources; APH Virtual ExCEL Academy,Yes,Provider and published lesson information reviewed,"Older technology, program, policy, and health information may require current verification. Captions and transcripts have not been audited.",2026-10-06
Making Expanded Core Instruction a Team Effort,APH — American Printing House for the Blind,Video,Recent APH session on shared responsibility and collaboration for ECC instruction across a school team.,ECC overview,School teams and families,https://www.youtube.com/watch?v=G_YxQ6jc-M0,Selected starting resources; APH Access Academy,Yes,Provider and published lesson information reviewed,"Older technology, program, policy, and health information may require current verification. Captions and transcripts have not been audited.",2026-10-06
Making Sense of Grocery Stores,APH — American Printing House for the Blind,Video,"Explore grocery-store layouts, patterns, and asking for assistance as part of community participation.",Orientation and mobility; Independent living,Students and families,https://www.youtube.com/watch?v=IjzwoC4T1O8,Selected starting resources; APH Virtual ExCEL Academy,Yes,Provider and published lesson information reviewed,"Older technology, program, policy, and health information may require current verification. Captions and transcripts have not been audited.",2026-10-06
Mantis Q40: QWERTY and braille support for your Mac and iOS Devices,APH — American Printing House for the Blind,Video,Explore Mantis Q40 Braille and QWERTY access with Mac and iOS devices; versions may differ today.,Assistive technology; Compensatory access,Mantis and Apple users,https://www.youtube.com/watch?v=1mdZMEGOZqk,Selected starting resources; APH Access Academy,Yes,Provider and published lesson information reviewed,"Older technology, program, policy, and health information may require current verification. Captions and transcripts have not been audited.",2026-10-06
Measuring with cups (Empty and Full),APH — American Printing House for the Blind,Video,Use measuring cups to explore concepts such as empty and full through hands-on activity.,Compensatory access; Independent living,Young learners,https://www.youtube.com/watch?v=yZFB88d_9FE,Selected starting resources; APH Virtual ExCEL Academy,Yes,Provider and published lesson information reviewed,"Older technology, program, policy, and health information may require current verification. Captions and transcripts have not been audited.",2026-10-06
Monarch Orientation,APH — American Printing House for the Blind,Video,Brief orientation to the Monarch tactile display. Check current documentation for updated controls.,Assistive technology; Compensatory access,Monarch users,https://www.youtube.com/watch?v=VobL-408KJo,Selected starting resources,Yes,Provider and published lesson information reviewed,"Older technology, program, policy, and health information may require current verification. Captions and transcripts have not been audited.",2026-10-06
NFB-NEWSLINE®: Master Your Mantis Q40,APH — American Printing House for the Blind,Video,Explore accessing NFB-NEWSLINE on the Mantis Q40. Check current service requirements.,Assistive technology; Compensatory access,Mantis users,https://www.youtube.com/watch?v=p3OIVr3gR70,Selected starting resources,Yes,Provider and published lesson information reviewed,"Older technology, program, policy, and health information may require current verification. Captions and transcripts have not been audited.",2026-10-06
O&M Problem Solving,APH — American Printing House for the Blind,Video,Think through unexpected travel situations and possible responses with appropriate O&M support.,Orientation and mobility; Self-determination,Upper elementary learners,https://www.youtube.com/watch?v=hJHLyt2wROk,Selected starting resources; APH Virtual ExCEL Academy,Yes,Provider and published lesson information reviewed,"Older technology, program, policy, and health information may require current verification. Captions and transcripts have not been audited.",2026-10-06
Online Voice Lessons,APH — American Printing House for the Blind,Video,An ExCEL Academy voice lesson for exploring singing and musical participation.,Recreation and leisure,Learners interested in music,https://www.youtube.com/watch?v=CXipbGcAups,Selected starting resources; APH Virtual ExCEL Academy,Yes,Provider and published lesson information reviewed,"Older technology, program, policy, and health information may require current verification. Captions and transcripts have not been audited.",2026-10-06
Planning and Designing Quality Tactile Graphics,APH — American Printing House for the Blind,Video,Plan tactile graphics with clear design and usable access to information.,Compensatory access,Educators and material creators,https://www.youtube.com/watch?v=IxiC7Papts4,Selected starting resources; APH Access Academy; APH Tactile Graphics (BTactile collection),Yes,Provider and published lesson information reviewed,"Older technology, program, policy, and health information may require current verification. Captions and transcripts have not been audited.",2026-10-06
Problem Solving Skills,APH — American Printing House for the Blind,Video,Practice problem solving using environmental information. Connect examples with individualized O&M goals.,Orientation and mobility; Self-determination,School-age learners,https://www.youtube.com/watch?v=w6bmC55gfl0,Selected starting resources; APH Virtual ExCEL Academy,Yes,Provider and published lesson information reviewed,"Older technology, program, policy, and health information may require current verification. Captions and transcripts have not been audited.",2026-10-06
Recovery Mode: Master Your Mantis Q40,APH — American Printing House for the Blind,Video,Recovery Mode demonstration includes factory reset. Review current instructions and protect files before using it.,Assistive technology,Mantis users,https://www.youtube.com/watch?v=6A1p1QBZT4s,Selected starting resources,Yes,Provider and published lesson information reviewed,"Older technology, program, policy, and health information may require current verification. Captions and transcripts have not been audited.",2026-10-06
Rethinking the Expanded Core Curriculum,APH — American Printing House for the Blind,Video,Recent APH discussion reconsidering how teams understand and deliver the Expanded Core Curriculum.,ECC overview,Educators and families,https://www.youtube.com/watch?v=skaoePsLlX4,Selected starting resources; APH Access Academy,Yes,Provider and published lesson information reviewed,"Older technology, program, policy, and health information may require current verification. Captions and transcripts have not been audited.",2026-10-06
Setting the Stage for Tactile Understanding,APH — American Printing House for the Blind,Video,Explore foundations for tactile understanding before introducing complex graphic information.,Compensatory access; Sensory efficiency,Families and educators,https://www.youtube.com/watch?v=O62H9DRlgqA,Selected starting resources; APH Access Academy; APH Tactile Graphics (BTactile collection),Yes,Provider and published lesson information reviewed,"Older technology, program, policy, and health information may require current verification. Captions and transcripts have not been audited.",2026-10-06
Skills You Can Use - Part 1: Kitchen Organization and Accessibility,APH — American Printing House for the Blind,Video,Part one of a kitchen-skills sequence: organizing the kitchen and making tools easier to access.,Independent living,Teens and adults,https://www.youtube.com/watch?v=sRayjG3u4ZE,Selected starting resources; APH Virtual ExCEL Academy,Yes,Provider and published lesson information reviewed,"Older technology, program, policy, and health information may require current verification. Captions and transcripts have not been audited.",2026-10-06
Skills You Can Use - Part 2 - Basic Food Preparation Skills,APH — American Printing House for the Blind,Video,Part two of the kitchen sequence introduces basic food-preparation skills.,Independent living,Teens and adults,https://www.youtube.com/watch?v=j8WOeoO8umo,Selected starting resources; APH Virtual ExCEL Academy,Yes,Provider and published lesson information reviewed,"Older technology, program, policy, and health information may require current verification. Captions and transcripts have not been audited.",2026-10-06
Skills You Can Use - Part 3 - Introduction to Kitchen Cutting Skills,APH — American Printing House for the Blind,Video,Part three introduces kitchen cutting skills. Use appropriate tools and individualized safety instruction.,Independent living,Teens and adults,https://www.youtube.com/watch?v=cCIsOJaq7io,Selected starting resources; APH Virtual ExCEL Academy,Yes,Provider and published lesson information reviewed,"Older technology, program, policy, and health information may require current verification. Captions and transcripts have not been audited.",2026-10-06
Stand Up and Speak Up.,APH — American Printing House for the Blind,Video,Participatory self-advocacy lesson for identifying needs and practicing how to speak up.,Self-determination,Students and families,https://www.youtube.com/watch?v=y77aaayzgbM,Selected starting resources,Yes,Provider and published lesson information reviewed,"Older technology, program, policy, and health information may require current verification. Captions and transcripts have not been audited.",2026-10-06
Terminal Mode: Master Your Mantis Q40,APH — American Printing House for the Blind,Video,Demonstration of Terminal Mode for connecting a Mantis Q40 to another device.,Assistive technology,Mantis users,https://www.youtube.com/watch?v=vkv9g4viv3I,Selected starting resources,Yes,Provider and published lesson information reviewed,"Older technology, program, policy, and health information may require current verification. Captions and transcripts have not been audited.",2026-10-06
The Monarch: Tactile Access to Digital Learning,APH — American Printing House for the Blind,Video,Longer introduction to the Monarch and tactile access to digital learning.,Assistive technology; Compensatory access,Educators and Monarch users,https://www.youtube.com/watch?v=szFQPetnYBo,Selected starting resources; APH Access Academy,Yes,Provider and published lesson information reviewed,"Older technology, program, policy, and health information may require current verification. Captions and transcripts have not been audited.",2026-10-06
The Road Ahead: Career Readiness for Preschool Students,APH — American Printing House for the Blind,Video,"Consider early foundations for career readiness through exploration, participation, and everyday responsibilities.",Career education,Preschool families and teams,https://www.youtube.com/watch?v=VIEMh843beE,Selected starting resources; APH Access Academy,Yes,Provider and published lesson information reviewed,"Older technology, program, policy, and health information may require current verification. Captions and transcripts have not been audited.",2026-10-06
Tips for Staying Busy and 5 Fun Things to Do at Home with No or Limited Vision,APH — American Printing House for the Blind,Video,Ideas for engaging activities at home with no or limited vision.,Recreation and leisure; Independent living,Learners and families,https://www.youtube.com/watch?v=rchUytK6cjY,Selected starting resources; APH Virtual ExCEL Academy,Yes,Provider and published lesson information reviewed,"Older technology, program, policy, and health information may require current verification. Captions and transcripts have not been audited.",2026-10-06
TMAP: Building Environmental Literacy at a Distance,APH — American Printing House for the Blind,Video,Explore tactile street maps as a tool for understanding environments and preparing for travel.,Orientation and mobility; Compensatory access,O&M teams and families,https://www.youtube.com/watch?v=ws5i30xhtPU,Selected starting resources; APH Access Academy; APH Tactile Graphics (BTactile collection),Yes,Provider and published lesson information reviewed,"Older technology, program, policy, and health information may require current verification. Captions and transcripts have not been audited.",2026-10-06
"Totally Transportation, Planes, Trains and Games",APH — American Printing House for the Blind,Video,Explore transportation options and planning through an APH ExCEL lesson.,Orientation and mobility; Independent living,Older teens and transition teams,https://www.youtube.com/watch?v=mqXFIuBlvZI,Selected starting resources,Yes,Provider and published lesson information reviewed,"Older technology, program, policy, and health information may require current verification. Captions and transcripts have not been audited.",2026-10-06
Unlock Creativity with APH Tactile Arts Products – APH ArtSmart Series Part 1,APH — American Printing House for the Blind,Video,First ArtSmart session introduces APH tactile-art tools and creative participation.,Recreation and leisure; Compensatory access,Art educators and families,https://www.youtube.com/watch?v=-RRdTdxM25c,Selected starting resources,Yes,Provider and published lesson information reviewed,"Older technology, program, policy, and health information may require current verification. Captions and transcripts have not been audited.",2026-10-06
Updates: Master Your Mantis Q40,APH — American Printing House for the Blind,Video,Demonstration of Mantis Q40 updates. Consult current release notes before changing device software.,Assistive technology,Mantis users,https://www.youtube.com/watch?v=w6bLSe3wrTU,Selected starting resources,Yes,Provider and published lesson information reviewed,"Older technology, program, policy, and health information may require current verification. Captions and transcripts have not been audited.",2026-10-06
Virtual Family Drum Circle,APH — American Printing House for the Blind,Video,Participatory family music activity using a drum-circle format.,Recreation and leisure; Social interaction,Families,https://www.youtube.com/watch?v=FNOQ0o08-mo,Selected starting resources; APH Virtual ExCEL Academy,Yes,Provider and published lesson information reviewed,"Older technology, program, policy, and health information may require current verification. Captions and transcripts have not been audited.",2026-10-06
Water Exploration and Play,APH — American Printing House for the Blind,Video,Explore water play as an opportunity for tactile discovery and concept development.,Sensory efficiency; Recreation and leisure,Early and pre-symbolic learners,https://www.youtube.com/watch?v=_bpVfP8GNw4,Selected starting resources,Yes,Provider and published lesson information reviewed,"Older technology, program, policy, and health information may require current verification. Captions and transcripts have not been audited.",2026-10-06
Writing with a Slate and Stylus,APH — American Printing House for the Blind,Video,Explore writing with a slate and stylus as a portable literacy tool.,Compensatory access,Braille learners and teachers,https://www.youtube.com/watch?v=LU94QS4UZks,Selected starting resources; APH Virtual ExCEL Academy,Yes,Provider and published lesson information reviewed,"Older technology, program, policy, and health information may require current verification. Captions and transcripts have not been audited.",2026-10-06
“Lights! Camera! Social Interaction!”,APH — American Printing House for the Blind,Video,Use theatre activities to explore communication and social interaction.,Social interaction; Recreation and leisure,Teens,https://www.youtube.com/watch?v=fIvaw5vMQ5w,Selected starting resources; APH Virtual ExCEL Academy,Yes,Provider and published lesson information reviewed,"Older technology, program, policy, and health information may require current verification. Captions and transcripts have not been audited.",2026-10-06
Free Vision Loss Support: Hadley,Hadley,Video,Brief introduction to Hadley's vision-loss learning and support resources.,ECC overview,Adults and families,https://www.youtube.com/watch?v=ByP7XGfdYT8,Selected starting resources,Yes,Provider and published lesson information reviewed,"Older technology, program, policy, and health information may require current verification. Captions and transcripts have not been audited.",2026-10-06
Hadley Presents: Gardening and Vision Loss,Hadley,Video,Explore gardening participation and adaptations through a Hadley conversation.,Recreation and leisure,Adults,https://www.youtube.com/watch?v=3SnZO6AYtoo,Selected starting resources,Yes,Provider and published lesson information reviewed,"Older technology, program, policy, and health information may require current verification. Captions and transcripts have not been audited.",2026-10-06
Hadley Presents: Managing Social Gatherings with Vision Loss,Hadley,Video,Conversation about navigating social gatherings with vision loss and communicating access needs.,Social interaction; Self-determination,Adults,https://www.youtube.com/watch?v=GqMXYPbBjV0,Selected starting resources,Yes,Provider and published lesson information reviewed,"Older technology, program, policy, and health information may require current verification. Captions and transcripts have not been audited.",2026-10-06
Hadley Presents: Reading After Vision Loss,Hadley,Video,Explore options for continuing to read after vision loss.,Compensatory access; Recreation and leisure,Adults,https://www.youtube.com/watch?v=JLCLPu1wXq4,Selected starting resources,Yes,Provider and published lesson information reviewed,"Older technology, program, policy, and health information may require current verification. Captions and transcripts have not been audited.",2026-10-06
Hadley Presents: Smartphones and Vision Loss,Hadley,Video,Introduction to smartphone possibilities and access with vision loss.,Assistive technology,Adults,https://www.youtube.com/watch?v=VzShVg3Wa98,Selected starting resources,Yes,Provider and published lesson information reviewed,"Older technology, program, policy, and health information may require current verification. Captions and transcripts have not been audited.",2026-10-06
Hadley Presents: The Many Uses of GPS with Vision Loss,Hadley,Video,Discuss uses of GPS with vision loss. GPS supplements individualized travel skills and instruction.,Orientation and mobility; Assistive technology,Adults,https://www.youtube.com/watch?v=wwfoA0CABZ0,Selected starting resources,Yes,Provider and published lesson information reviewed,"Older technology, program, policy, and health information may require current verification. Captions and transcripts have not been audited.",2026-10-06
Tackling Paperwork and Forms with Vision Loss - Hadley Presents,Hadley,Video,Practical discussion about handling paperwork and forms with vision loss.,Independent living; Assistive technology,Adults,https://www.youtube.com/watch?v=8lHbvGbBZ18,Selected starting resources,Yes,Provider and published lesson information reviewed,"Older technology, program, policy, and health information may require current verification. Captions and transcripts have not been audited.",2026-10-06
Tech Tools for Vision Loss From Low to High Tech - Hadley Presents,Hadley,Video,Discuss tools ranging from simple adaptations to digital technology for daily activities.,Assistive technology; Independent living,Adults,https://www.youtube.com/watch?v=uR9rE1F_RMg,Selected starting resources,Yes,Provider and published lesson information reviewed,"Older technology, program, policy, and health information may require current verification. Captions and transcripts have not been audited.",2026-10-06
The Expanded Core Curriculum in Action,North Dakota School for the Blind,Video,See examples of ECC instruction in practice. A useful first stop before choosing individual skill lessons.,ECC overview,Families and educators,https://www.youtube.com/watch?v=JhmWIeP3Zlg,Selected starting resources,Yes,Provider and published lesson information reviewed,"Older technology, program, policy, and health information may require current verification. Captions and transcripts have not been audited.",2026-10-06
CVI Visual Behaviors: Compensatory Skills,Perkins School for the Blind,Video,Introduction to compensatory skills discussed within Perkins' CVI visual-behavior series.,Compensatory access; Sensory efficiency,CVI families and educators,https://www.youtube.com/watch?v=d6X8wdEZ_Zg,Selected starting resources,Yes,Provider and published lesson information reviewed,"Older technology, program, policy, and health information may require current verification. Captions and transcripts have not been audited.",2026-10-06
Early Connections Conference 2023: Learning to Play,Perkins School for the Blind,Video,Conference session about supporting play and participation in early childhood.,Recreation and leisure; Social interaction,Early childhood teams,https://www.youtube.com/watch?v=qbUz28S1cNc,Selected starting resources,Yes,Provider and published lesson information reviewed,"Older technology, program, policy, and health information may require current verification. Captions and transcripts have not been audited.",2026-10-06
Essential Assessments for Children Who Are Blind or Visually Impaired,Perkins School for the Blind,Video,Overview of specialized assessments for learners with visual impairments. Useful preparation for team conversations.,ECC overview,Families and education teams,https://www.youtube.com/watch?v=HAa0oaJW7AA,Selected starting resources,Yes,Provider and published lesson information reviewed,"Older technology, program, policy, and health information may require current verification. Captions and transcripts have not been audited.",2026-10-06
Expanded Core Curriculum for Early Childhood,Perkins School for the Blind,Video,Explore ECC learning in early childhood and ways to build instruction into everyday experiences.,ECC overview,Early childhood teams,https://www.youtube.com/watch?v=wdrqSBiCvwA,Selected starting resources,Yes,Provider and published lesson information reviewed,"Older technology, program, policy, and health information may require current verification. Captions and transcripts have not been audited.",2026-10-06
Expanded core curriculum: orientation and mobility in every step,Perkins School for the Blind,Video,Brief introduction to how O&M instruction supports travel and participation throughout the day.,Orientation and mobility,Families,https://www.youtube.com/watch?v=zoUpFXoZokU,Selected starting resources,Yes,Provider and published lesson information reviewed,"Older technology, program, policy, and health information may require current verification. Captions and transcripts have not been audited.",2026-10-06
Keeping Up With Technology and Student Needs,Perkins School for the Blind,Video,Consider technology alongside student needs. Treat device-specific details as historical demonstrations.,Assistive technology,Educators,https://www.youtube.com/watch?v=8kW2ZcHsQ54,Selected starting resources,Yes,Provider and published lesson information reviewed,"Older technology, program, policy, and health information may require current verification. Captions and transcripts have not been audited.",2026-10-06
Leisure through Technology for Students with Visual Impairments and Additional Disabilities,Perkins School for the Blind,Video,Explore technology-supported leisure opportunities for students with visual impairments and additional disabilities.,Recreation and leisure; Assistive technology,Learners with additional disabilities,https://www.youtube.com/watch?v=24yBn_MmCQA,Selected starting resources,Yes,Provider and published lesson information reviewed,"Older technology, program, policy, and health information may require current verification. Captions and transcripts have not been audited.",2026-10-06
Perkins School for the Blind Pre-Employment Program,Perkins School for the Blind,Video,Introduction to Perkins' pre-employment program and preparation for work. Check current program availability separately.,Career education,Transition-age learners,https://www.youtube.com/watch?v=j1bCQEm1mSQ,Selected starting resources,Yes,Provider and published lesson information reviewed,"Older technology, program, policy, and health information may require current verification. Captions and transcripts have not been audited.",2026-10-06
Routine and play-based learning: ECC strategies for young children with CVI w/ Elise Darrow,Perkins School for the Blind,Video,Explore routine and play-based ECC strategies for young children with CVI.,ECC overview; Sensory efficiency; Recreation and leisure,Young children with CVI,https://www.youtube.com/watch?v=bX459tXpAwk,Selected starting resources,Yes,Provider and published lesson information reviewed,"Older technology, program, policy, and health information may require current verification. Captions and transcripts have not been audited.",2026-10-06
Safely Heating Water with Kate Fraser,Perkins School for the Blind,Video,"Short practical demonstration about heating water. Match equipment, supervision, and instruction to the learner.",Independent living,Learners and families,https://www.youtube.com/watch?v=RiI_vKQGgm4,Selected starting resources,Yes,Provider and published lesson information reviewed,"Older technology, program, policy, and health information may require current verification. Captions and transcripts have not been audited.",2026-10-06
Staff Training for Physical Education for Children With Visual Impairments,Perkins School for the Blind,Video,Training on participation in physical education for children with visual impairments.,Recreation and leisure,Physical education teams,https://www.youtube.com/watch?v=77fyMsRWrYs,Selected starting resources,Yes,Provider and published lesson information reviewed,"Older technology, program, policy, and health information may require current verification. Captions and transcripts have not been audited.",2026-10-06
The Role and Value of the Teacher of the Visually Impaired,Perkins School for the Blind,Video,Understand the specialized role of a teacher of students with visual impairments in educational access.,ECC overview,Families and school teams,https://www.youtube.com/watch?v=7rzmMiIT3Ao,Selected starting resources,Yes,Provider and published lesson information reviewed,"Older technology, program, policy, and health information may require current verification. Captions and transcripts have not been audited.",2026-10-06
"Please, See Me as the Person I Am",TSBVI Distance,Video,Historical DeafBlind education presentation emphasizing person-centered understanding and interaction.,Social interaction; Self-determination; Compensatory access,DeafBlind families and educators,https://www.youtube.com/watch?v=PfSpYljl7AA,Selected starting resources,Yes,Provider and published lesson information reviewed,"Older technology, program, policy, and health information may require current verification. Captions and transcripts have not been audited.",2026-10-06
Short-Term Programs Presents Expanded Core Curriculum Classes,TSBVI Training,Video,Short introduction to TSBVI's ECC short-term classes. Confirm current eligibility and offerings with TSBVI.,ECC overview,School-age learners and families,https://www.youtube.com/watch?v=W27qZ0Qgi6E,Selected starting resources,Yes,Provider and published lesson information reviewed,"Older technology, program, policy, and health information may require current verification. Captions and transcripts have not been audited.",2026-10-06
Introduction to Microsoft Excel with JAWS,Vispero Training,Video,"Vispero introduction to Microsoft Excel with JAWS for school, work, and everyday spreadsheet tasks.",Assistive technology; Career education,JAWS users,https://www.youtube.com/watch?v=uAsRDHUsrYw,Selected starting resources; JAWS Videos,Yes,Provider and published lesson information reviewed,"Older technology, program, policy, and health information may require current verification. Captions and transcripts have not been audited.",2026-10-06
Navigating the Ribbon in Microsoft Word with JAWS,Vispero Training,Video,Vispero demonstration of navigating the Microsoft Word ribbon using JAWS. Version-specific controls may differ.,Assistive technology; Compensatory access,JAWS users,https://www.youtube.com/watch?v=qWjRwGaoJuo,Selected starting resources; JAWS Videos,Yes,Provider and published lesson information reviewed,"Older technology, program, policy, and health information may require current verification. Captions and transcripts have not been audited.",2026-10-06
Expanded Core Curriculum Considerations for Students Who Are Deafblind,Wisconsin Deafblind Technical Assistance Project,Video,Explore how DeafBlind access and communication needs shape ECC instruction.,ECC overview; Compensatory access; Sensory efficiency,DeafBlind education teams,https://www.youtube.com/watch?v=oaaJIai_ehE,Selected starting resources,Yes,Provider and published lesson information reviewed,"Older technology, program, policy, and health information may require current verification. Captions and transcripts have not been audited.",2026-10-06
#Friendgoals – Recognizing and Becoming a Good Friend,APH — American Printing House for the Blind,Video,Archived ExCEL Academy learning activity focused on #Friendgoals – Recognizing and Becoming a Good Friend. Adapt participation and materials to the learner’s access needs.,Social interaction; Self-determination,"Learners, families, and educators",https://www.youtube.com/watch?v=PePk_1tzASo,APH Virtual ExCEL Academy,Yes,Indexed from official collection title; brief scope inferred from title,"Older technology, program, policy, and health information may require current verification. Captions and transcripts have not been audited.",2026-10-06
(e)Mailing It In:  JAWS and Gmail in Standard View,APH — American Printing House for the Blind,Video,APH training session focused on (e)Mailing It In:  JAWS and Gmail in Standard View. Consult the recording description for prerequisites and intended audience.,Assistive technology,"Educators, families, and interested learners",https://www.youtube.com/watch?v=ISuwv-57NZQ,APH Access Academy,Yes,Indexed from official collection title; brief scope inferred from title,"Older technology, program, policy, and health information may require current verification. Captions and transcripts have not been audited.",2026-10-06
3D Printing for the Classroom: Where to Start,APH — American Printing House for the Blind,Video,APH training session focused on 3D Printing for the Classroom: Where to Start. Consult the recording description for prerequisites and intended audience.,Recreation and leisure,"Educators, families, and interested learners",https://www.youtube.com/watch?v=N3FVO33dDi4,APH Access Academy; APH Tactile Graphics (BTactile collection),Yes,Indexed from official collection title; brief scope inferred from title,"Older technology, program, policy, and health information may require current verification. Captions and transcripts have not been audited.",2026-10-06
3D Shapes,APH — American Printing House for the Blind,Video,Archived ExCEL Academy learning activity focused on 3D Shapes. Adapt participation and materials to the learner’s access needs.,ECC overview,"Learners, families, and educators",https://www.youtube.com/watch?v=wZPfD5IXPA4,APH Virtual ExCEL Academy,Yes,Indexed from official collection title; brief scope inferred from title,"Older technology, program, policy, and health information may require current verification. Captions and transcripts have not been audited.",2026-10-06
Abacus Addition and Subtraction with Synthesis,APH — American Printing House for the Blind,Video,Archived ExCEL Academy learning activity focused on Abacus Addition and Subtraction with Synthesis. Adapt participation and materials to the learner’s access needs.,Compensatory access,"Learners, families, and educators",https://www.youtube.com/watch?v=LI9hqLgZv2w,APH Virtual ExCEL Academy,Yes,Indexed from official collection title; brief scope inferred from title,"Older technology, program, policy, and health information may require current verification. Captions and transcripts have not been audited.",2026-10-06
Abacus Divide and Conquer,APH — American Printing House for the Blind,Video,APH training session focused on Abacus Divide and Conquer. Consult the recording description for prerequisites and intended audience.,Compensatory access,"Educators, families, and interested learners",https://www.youtube.com/watch?v=Fo3AhDgVSMs,APH Access Academy,Yes,Indexed from official collection title; brief scope inferred from title,"Older technology, program, policy, and health information may require current verification. Captions and transcripts have not been audited.",2026-10-06
Abacus for Beginners,APH — American Printing House for the Blind,Video,Archived ExCEL Academy learning activity focused on Abacus for Beginners. Adapt participation and materials to the learner’s access needs.,Compensatory access,"Learners, families, and educators",https://www.youtube.com/watch?v=2ExtjevMp1Q,APH Virtual ExCEL Academy,Yes,Indexed from official collection title; brief scope inferred from title,"Older technology, program, policy, and health information may require current verification. Captions and transcripts have not been audited.",2026-10-06
Abacus Multiplication to Perfection,APH — American Printing House for the Blind,Video,APH training session focused on Abacus Multiplication to Perfection. Consult the recording description for prerequisites and intended audience.,Compensatory access,"Educators, families, and interested learners",https://www.youtube.com/watch?v=S4tJUJZmHZo,APH Access Academy,Yes,Indexed from official collection title; brief scope inferred from title,"Older technology, program, policy, and health information may require current verification. Captions and transcripts have not been audited.",2026-10-06
Accessible Fine Arts that Sparks Creativity,APH — American Printing House for the Blind,Video,APH training session focused on Accessible Fine Arts that Sparks Creativity. Consult the recording description for prerequisites and intended audience.,Recreation and leisure,"Educators, families, and interested learners",https://www.youtube.com/watch?v=CmlH1HJ4ehE,APH Tactile Graphics (BTactile collection),Yes,Indexed from official collection title; brief scope inferred from title,"Older technology, program, policy, and health information may require current verification. Captions and transcripts have not been audited.",2026-10-06
Accessible Game Apps from APH,APH — American Printing House for the Blind,Video,APH training session focused on Accessible Game Apps from APH. Consult the recording description for prerequisites and intended audience.,Assistive technology; Recreation and leisure,"Educators, families, and interested learners",https://www.youtube.com/watch?v=ARFZTYzEhlg,APH Access Academy,Yes,Indexed from official collection title; brief scope inferred from title,"Older technology, program, policy, and health information may require current verification. Captions and transcripts have not been audited.",2026-10-06
Accessible Math and Coding Apps from APH,APH — American Printing House for the Blind,Video,APH training session focused on Accessible Math and Coding Apps from APH. Consult the recording description for prerequisites and intended audience.,Assistive technology; Compensatory access,"Educators, families, and interested learners",https://www.youtube.com/watch?v=W6Vq1T9MJlY,APH Access Academy,Yes,Indexed from official collection title; brief scope inferred from title,"Older technology, program, policy, and health information may require current verification. Captions and transcripts have not been audited.",2026-10-06
Accessing the Visual Environment: Learning From One Another,APH — American Printing House for the Blind,Video,APH training session focused on Accessing the Visual Environment: Learning From One Another. Consult the recording description for prerequisites and intended audience.,Sensory efficiency,"Educators, families, and interested learners",https://www.youtube.com/watch?v=3XefG6h4eG4,APH Access Academy,Yes,Indexed from official collection title; brief scope inferred from title,"Older technology, program, policy, and health information may require current verification. Captions and transcripts have not been audited.",2026-10-06
Accessing the Visual Environment: Successful Outcomes,APH — American Printing House for the Blind,Video,APH training session focused on Accessing the Visual Environment: Successful Outcomes. Consult the recording description for prerequisites and intended audience.,Sensory efficiency,"Educators, families, and interested learners",https://www.youtube.com/watch?v=uq1EpM7TkmU,APH Access Academy,Yes,Indexed from official collection title; brief scope inferred from title,"Older technology, program, policy, and health information may require current verification. Captions and transcripts have not been audited.",2026-10-06
Adapting ZoomText to Meet Student Needs,APH — American Printing House for the Blind,Video,APH training session focused on Adapting ZoomText to Meet Student Needs. Consult the recording description for prerequisites and intended audience.,Assistive technology,"Educators, families, and interested learners",https://www.youtube.com/watch?v=FPj9uQI5Res,APH Access Academy,Yes,Indexed from official collection title; brief scope inferred from title,"Older technology, program, policy, and health information may require current verification. Captions and transcripts have not been audited.",2026-10-06
Advanced Applications of Snap Circuits,APH — American Printing House for the Blind,Video,APH training session focused on Advanced Applications of Snap Circuits. Consult the recording description for prerequisites and intended audience.,Assistive technology,"Educators, families, and interested learners",https://www.youtube.com/watch?v=M5L8HP4KBWU,APH Access Academy,Yes,Indexed from official collection title; brief scope inferred from title,"Older technology, program, policy, and health information may require current verification. Captions and transcripts have not been audited.",2026-10-06
All Grown Up and Goin’ to Preschool:  Transition from Part C to Part B,APH — American Printing House for the Blind,Video,APH training session focused on All Grown Up and Goin’ to Preschool:  Transition from Part C to Part B. Consult the recording description for prerequisites and intended audience.,Recreation and leisure,"Educators, families, and interested learners",https://www.youtube.com/watch?v=RbqrRLn2BF8,APH Access Academy,Yes,Indexed from official collection title; brief scope inferred from title,"Older technology, program, policy, and health information may require current verification. Captions and transcripts have not been audited.",2026-10-06
"APH’s Makers Space Series – Introducing Snap Circuits, Snapino, and Careers in Electronics",APH — American Printing House for the Blind,Video,"APH training session focused on APH’s Makers Space Series – Introducing Snap Circuits, Snapino, and Careers in Electronics. Consult the recording description for prerequisites and intended audience.",Career education,"Educators, families, and interested learners",https://www.youtube.com/watch?v=c81DB_raTBI,APH Access Academy,Yes,Indexed from official collection title; brief scope inferred from title,"Older technology, program, policy, and health information may require current verification. Captions and transcripts have not been audited.",2026-10-06
April Earth Day Party,APH — American Printing House for the Blind,Video,Archived ExCEL Academy learning activity focused on April Earth Day Party. Adapt participation and materials to the learner’s access needs.,Recreation and leisure,"Learners, families, and educators",https://www.youtube.com/watch?v=VAw0KqujoXc,APH Virtual ExCEL Academy,Yes,Indexed from official collection title; brief scope inferred from title,"Older technology, program, policy, and health information may require current verification. Captions and transcripts have not been audited.",2026-10-06
Audible Image Description in a Pinch,APH — American Printing House for the Blind,Video,APH training session focused on Audible Image Description in a Pinch. Consult the recording description for prerequisites and intended audience.,Compensatory access,"Educators, families, and interested learners",https://www.youtube.com/watch?v=D3JP6peV-Gc,APH Access Academy; APH Tactile Graphics (BTactile collection),Yes,Indexed from official collection title; brief scope inferred from title,"Older technology, program, policy, and health information may require current verification. Captions and transcripts have not been audited.",2026-10-06
Babies Count: The National Registry for Infants and Toddlers with Blindness and Visual Impairment,APH — American Printing House for the Blind,Video,APH training session focused on Babies Count: The National Registry for Infants and Toddlers with Blindness and Visual Impairment. Consult the recording description for prerequisites and intended audience.,ECC overview,"Educators, families, and interested learners",https://www.youtube.com/watch?v=rmz1xUCNFlc,APH Access Academy,Yes,Indexed from official collection title; brief scope inferred from title,"Older technology, program, policy, and health information may require current verification. Captions and transcripts have not been audited.",2026-10-06
Basic Coding Part Two,APH — American Printing House for the Blind,Video,Archived ExCEL Academy learning activity focused on Basic Coding Part Two. Adapt participation and materials to the learner’s access needs.,Assistive technology; Recreation and leisure,"Learners, families, and educators",https://www.youtube.com/watch?v=qjYDFWlNH7o,APH Virtual ExCEL Academy,Yes,Indexed from official collection title; brief scope inferred from title,"Older technology, program, policy, and health information may require current verification. Captions and transcripts have not been audited.",2026-10-06
Basic First Aid for the VI,APH — American Printing House for the Blind,Video,Archived ExCEL Academy learning activity focused on Basic First Aid for the VI. Adapt participation and materials to the learner’s access needs.,ECC overview,"Learners, families, and educators",https://www.youtube.com/watch?v=YkdYneVhWyo,APH Virtual ExCEL Academy,Yes,Indexed from official collection title; brief scope inferred from title,"Older technology, program, policy, and health information may require current verification. Captions and transcripts have not been audited.",2026-10-06
Behind the Scenes of the new Foundations of Vision Rehabilitation Therapy Textbook,APH — American Printing House for the Blind,Video,APH training session focused on Behind the Scenes of the new Foundations of Vision Rehabilitation Therapy Textbook. Consult the recording description for prerequisites and intended audience.,Sensory efficiency,"Educators, families, and interested learners",https://www.youtube.com/watch?v=dKTvRiki8a4,APH Access Academy,Yes,Indexed from official collection title; brief scope inferred from title,"Older technology, program, policy, and health information may require current verification. Captions and transcripts have not been audited.",2026-10-06
Behind the Scenes of the “Light Box Story Hour”,APH — American Printing House for the Blind,Video,APH training session focused on Behind the Scenes of the “Light Box Story Hour”. Consult the recording description for prerequisites and intended audience.,Sensory efficiency,"Educators, families, and interested learners",https://www.youtube.com/watch?v=fmIDITAT08k,APH Access Academy,Yes,Indexed from official collection title; brief scope inferred from title,"Older technology, program, policy, and health information may require current verification. Captions and transcripts have not been audited.",2026-10-06
"Benefits of Contrast, Lighting and Filters Description",APH — American Printing House for the Blind,Video,"APH training session focused on Benefits of Contrast, Lighting and Filters Description. Consult the recording description for prerequisites and intended audience.",Sensory efficiency,"Educators, families, and interested learners",https://www.youtube.com/watch?v=hQQi4eysdjY,APH Access Academy,Yes,Indexed from official collection title; brief scope inferred from title,"Older technology, program, policy, and health information may require current verification. Captions and transcripts have not been audited.",2026-10-06
Blast off with CJ and our new Code Jumper Puzzles,APH — American Printing House for the Blind,Video,APH training session focused on Blast off with CJ and our new Code Jumper Puzzles. Consult the recording description for prerequisites and intended audience.,Assistive technology,"Educators, families, and interested learners",https://www.youtube.com/watch?v=up_zcWzyRgQ,APH Access Academy,Yes,Indexed from official collection title; brief scope inferred from title,"Older technology, program, policy, and health information may require current verification. Captions and transcripts have not been audited.",2026-10-06
"Books, Books and more Books",APH — American Printing House for the Blind,Video,"APH training session focused on Books, Books and more Books. Consult the recording description for prerequisites and intended audience.",ECC overview,"Educators, families, and interested learners",https://www.youtube.com/watch?v=AcvE5jFwhNo,APH Access Academy,Yes,Indexed from official collection title; brief scope inferred from title,"Older technology, program, policy, and health information may require current verification. Captions and transcripts have not been audited.",2026-10-06
Braille 2000: Textbook Transcription from Start to Finish - Part 1,APH — American Printing House for the Blind,Video,APH training session focused on Braille 2000: Textbook Transcription from Start to Finish - Part 1. Consult the recording description for prerequisites and intended audience.,Assistive technology; Compensatory access; Recreation and leisure,"Educators, families, and interested learners",https://www.youtube.com/watch?v=UWiNlkKsm2k,APH Access Academy,Yes,Indexed from official collection title; brief scope inferred from title,"Older technology, program, policy, and health information may require current verification. Captions and transcripts have not been audited.",2026-10-06
Braille 2000: Textbook Transcription from Start to Finish - Part 2,APH — American Printing House for the Blind,Video,APH training session focused on Braille 2000: Textbook Transcription from Start to Finish - Part 2. Consult the recording description for prerequisites and intended audience.,Assistive technology; Compensatory access; Recreation and leisure,"Educators, families, and interested learners",https://www.youtube.com/watch?v=XGJnMQzy4V4,APH Access Academy,Yes,Indexed from official collection title; brief scope inferred from title,"Older technology, program, policy, and health information may require current verification. Captions and transcripts have not been audited.",2026-10-06
Braille 2000: Textbook Transcription from Start to Finish - Part 3,APH — American Printing House for the Blind,Video,APH training session focused on Braille 2000: Textbook Transcription from Start to Finish - Part 3. Consult the recording description for prerequisites and intended audience.,Assistive technology; Compensatory access; Recreation and leisure,"Educators, families, and interested learners",https://www.youtube.com/watch?v=LvIRkNvvHh4,APH Access Academy,Yes,Indexed from official collection title; brief scope inferred from title,"Older technology, program, policy, and health information may require current verification. Captions and transcripts have not been audited.",2026-10-06
Braille 2000: Textbook Transcription from Start to Finish - Part 4,APH — American Printing House for the Blind,Video,APH training session focused on Braille 2000: Textbook Transcription from Start to Finish - Part 4. Consult the recording description for prerequisites and intended audience.,Assistive technology; Compensatory access; Recreation and leisure,"Educators, families, and interested learners",https://www.youtube.com/watch?v=wmEtBpjT5Dk,APH Access Academy,Yes,Indexed from official collection title; brief scope inferred from title,"Older technology, program, policy, and health information may require current verification. Captions and transcripts have not been audited.",2026-10-06
Braille 2000: Textbook Transcription from Start to Finish - Part 5,APH — American Printing House for the Blind,Video,APH training session focused on Braille 2000: Textbook Transcription from Start to Finish - Part 5. Consult the recording description for prerequisites and intended audience.,Assistive technology; Compensatory access; Recreation and leisure,"Educators, families, and interested learners",https://www.youtube.com/watch?v=QTD3EQ6p4qM,APH Access Academy,Yes,Indexed from official collection title; brief scope inferred from title,"Older technology, program, policy, and health information may require current verification. Captions and transcripts have not been audited.",2026-10-06
Braille 2000: Textbook Transcription from Start to Finish - Part 6,APH — American Printing House for the Blind,Video,APH training session focused on Braille 2000: Textbook Transcription from Start to Finish - Part 6. Consult the recording description for prerequisites and intended audience.,Assistive technology; Compensatory access; Recreation and leisure,"Educators, families, and interested learners",https://www.youtube.com/watch?v=l_2ZxpX8iek,APH Access Academy,Yes,Indexed from official collection title; brief scope inferred from title,"Older technology, program, policy, and health information may require current verification. Captions and transcripts have not been audited.",2026-10-06
"Braille Brain 101: Introduction to Units, Lessons and Navigation",APH — American Printing House for the Blind,Video,"APH training session focused on Braille Brain 101: Introduction to Units, Lessons and Navigation. Consult the recording description for prerequisites and intended audience.",Compensatory access,"Educators, families, and interested learners",https://www.youtube.com/watch?v=UZ7kfGaA6TI,APH Access Academy,Yes,Indexed from official collection title; brief scope inferred from title,"Older technology, program, policy, and health information may require current verification. Captions and transcripts have not been audited.",2026-10-06
Braille Displays and Screen Readers: A Fun Dynamic Duo,APH — American Printing House for the Blind,Video,Archived ExCEL Academy learning activity focused on Braille Displays and Screen Readers: A Fun Dynamic Duo. Adapt participation and materials to the learner’s access needs.,Compensatory access; Recreation and leisure,"Learners, families, and educators",https://www.youtube.com/watch?v=UPR79soIpbs,APH Virtual ExCEL Academy,Yes,Indexed from official collection title; brief scope inferred from title,"Older technology, program, policy, and health information may require current verification. Captions and transcripts have not been audited.",2026-10-06
Braille Displays: A Fun Dynamic Duo – Part 2,APH — American Printing House for the Blind,Video,Archived ExCEL Academy learning activity focused on Braille Displays: A Fun Dynamic Duo – Part 2. Adapt participation and materials to the learner’s access needs.,Compensatory access; Recreation and leisure,"Learners, families, and educators",https://www.youtube.com/watch?v=zW5Wg0yQ_Jw,APH Virtual ExCEL Academy,Yes,Indexed from official collection title; brief scope inferred from title,"Older technology, program, policy, and health information may require current verification. Captions and transcripts have not been audited.",2026-10-06
Braille Trail Reader: First Steps for You and Your Emerging Braille Readers,APH — American Printing House for the Blind,Video,APH training session focused on Braille Trail Reader: First Steps for You and Your Emerging Braille Readers. Consult the recording description for prerequisites and intended audience.,Compensatory access,"Educators, families, and interested learners",https://www.youtube.com/watch?v=tDwi8yvrFg0,APH Access Academy,Yes,Indexed from official collection title; brief scope inferred from title,"Older technology, program, policy, and health information may require current verification. Captions and transcripts have not been audited.",2026-10-06
Braille Trail Reader: Getting Started,APH — American Printing House for the Blind,Video,APH training session focused on Braille Trail Reader: Getting Started. Consult the recording description for prerequisites and intended audience.,Compensatory access; Recreation and leisure,"Educators, families, and interested learners",https://www.youtube.com/watch?v=dA5os55V-f8,APH Access Academy,Yes,Indexed from official collection title; brief scope inferred from title,"Older technology, program, policy, and health information may require current verification. Captions and transcripts have not been audited.",2026-10-06
BRIDGING the River “Why”,APH — American Printing House for the Blind,Video,APH training session focused on BRIDGING the River “Why”. Consult the recording description for prerequisites and intended audience.,ECC overview,"Educators, families, and interested learners",https://www.youtube.com/watch?v=NZbXxuTCId0,APH Access Academy,Yes,Indexed from official collection title; brief scope inferred from title,"Older technology, program, policy, and health information may require current verification. Captions and transcripts have not been audited.",2026-10-06
Bug Out at Alphapointe’s Technology Camp! Ideas for STEAM Activities with Code Jumper,APH — American Printing House for the Blind,Video,APH training session focused on Bug Out at Alphapointe’s Technology Camp! Ideas for STEAM Activities with Code Jumper. Consult the recording description for prerequisites and intended audience.,Assistive technology,"Educators, families, and interested learners",https://www.youtube.com/watch?v=W1SPZIdER98,APH Access Academy,Yes,Indexed from official collection title; brief scope inferred from title,"Older technology, program, policy, and health information may require current verification. Captions and transcripts have not been audited.",2026-10-06
Building STEM Skills Using AnimalWatch Products,APH — American Printing House for the Blind,Video,APH training session focused on Building STEM Skills Using AnimalWatch Products. Consult the recording description for prerequisites and intended audience.,ECC overview,"Educators, families, and interested learners",https://www.youtube.com/watch?v=2G_jIFiISUg,APH Access Academy,Yes,Indexed from official collection title; brief scope inferred from title,"Older technology, program, policy, and health information may require current verification. Captions and transcripts have not been audited.",2026-10-06
Candy Canes and Canes Party with Invited Stars and Tree Guests,APH — American Printing House for the Blind,Video,Archived ExCEL Academy learning activity focused on Candy Canes and Canes Party with Invited Stars and Tree Guests. Adapt participation and materials to the learner’s access needs.,Orientation and mobility; Recreation and leisure,"Learners, families, and educators",https://www.youtube.com/watch?v=0KFtN-PkEEc,APH Virtual ExCEL Academy,Yes,Indexed from official collection title; brief scope inferred from title,"Older technology, program, policy, and health information may require current verification. Captions and transcripts have not been audited.",2026-10-06
"Celebrate discoveries, inventions, and JANUARY Holidays!",APH — American Printing House for the Blind,Video,"Archived ExCEL Academy learning activity focused on Celebrate discoveries, inventions, and JANUARY Holidays!. Adapt participation and materials to the learner’s access needs.",ECC overview,"Learners, families, and educators",https://www.youtube.com/watch?v=vlKAeuGj85I,APH Virtual ExCEL Academy,Yes,Indexed from official collection title; brief scope inferred from title,"Older technology, program, policy, and health information may require current verification. Captions and transcripts have not been audited.",2026-10-06
Celebrate Global Accessibility Awareness Day with Code Jumper,APH — American Printing House for the Blind,Video,APH training session focused on Celebrate Global Accessibility Awareness Day with Code Jumper. Consult the recording description for prerequisites and intended audience.,Assistive technology,"Educators, families, and interested learners",https://www.youtube.com/watch?v=9giO4j2Ijfc,APH Access Academy,Yes,Indexed from official collection title; brief scope inferred from title,"Older technology, program, policy, and health information may require current verification. Captions and transcripts have not been audited.",2026-10-06
"Celebrate upcoming Chinese New Year, Presidents' Day and Valentine's Day!",APH — American Printing House for the Blind,Video,"Archived ExCEL Academy learning activity focused on Celebrate upcoming Chinese New Year, Presidents' Day and Valentine's Day!. Adapt participation and materials to the learner’s access needs.",ECC overview,"Learners, families, and educators",https://www.youtube.com/watch?v=y2BwMK-mYf4,APH Virtual ExCEL Academy,Yes,Indexed from official collection title; brief scope inferred from title,"Older technology, program, policy, and health information may require current verification. Captions and transcripts have not been audited.",2026-10-06
Celebrating Women's History Month,APH — American Printing House for the Blind,Video,APH training session focused on Celebrating Women's History Month. Consult the recording description for prerequisites and intended audience.,ECC overview,"Educators, families, and interested learners",https://www.youtube.com/watch?v=HzBKtfM68L0,APH Access Academy,Yes,Indexed from official collection title; brief scope inferred from title,"Older technology, program, policy, and health information may require current verification. Captions and transcripts have not been audited.",2026-10-06
Chameleon 20: An Introduction,APH — American Printing House for the Blind,Video,APH training session focused on Chameleon 20: An Introduction. Consult the recording description for prerequisites and intended audience.,Assistive technology,"Educators, families, and interested learners",https://www.youtube.com/watch?v=nKdz5JCALJM,APH Access Academy,Yes,Indexed from official collection title; brief scope inferred from title,"Older technology, program, policy, and health information may require current verification. Captions and transcripts have not been audited.",2026-10-06
Chromevox Made Easy,APH — American Printing House for the Blind,Video,Archived ExCEL Academy learning activity focused on Chromevox Made Easy. Adapt participation and materials to the learner’s access needs.,Assistive technology,"Learners, families, and educators",https://www.youtube.com/watch?v=ygBkKIyTsU0,APH Virtual ExCEL Academy,Yes,Indexed from official collection title; brief scope inferred from title,"Older technology, program, policy, and health information may require current verification. Captions and transcripts have not been audited.",2026-10-06
Code Jumper 101B - Part 1,APH — American Printing House for the Blind,Video,APH training session focused on Code Jumper 101B - Part 1. Consult the recording description for prerequisites and intended audience.,Assistive technology; Recreation and leisure,"Educators, families, and interested learners",https://www.youtube.com/watch?v=hLfpUtM9b8Y,APH Access Academy,Yes,Indexed from official collection title; brief scope inferred from title,"Older technology, program, policy, and health information may require current verification. Captions and transcripts have not been audited.",2026-10-06
Code Jumper 101B - Part 2,APH — American Printing House for the Blind,Video,APH training session focused on Code Jumper 101B - Part 2. Consult the recording description for prerequisites and intended audience.,Assistive technology; Recreation and leisure,"Educators, families, and interested learners",https://www.youtube.com/watch?v=VfXAZMgpNtE,APH Access Academy,Yes,Indexed from official collection title; brief scope inferred from title,"Older technology, program, policy, and health information may require current verification. Captions and transcripts have not been audited.",2026-10-06
Code Jumper Outcomes: Exploring the Assessment Tools in the Code Jumper Curriculum,APH — American Printing House for the Blind,Video,APH training session focused on Code Jumper Outcomes: Exploring the Assessment Tools in the Code Jumper Curriculum. Consult the recording description for prerequisites and intended audience.,Assistive technology,"Educators, families, and interested learners",https://www.youtube.com/watch?v=R1C6qBbP6YE,APH Access Academy,Yes,Indexed from official collection title; brief scope inferred from title,"Older technology, program, policy, and health information may require current verification. Captions and transcripts have not been audited.",2026-10-06
"Code Jumper, Coding and O&M: Headed in the Same Direction",APH — American Printing House for the Blind,Video,"APH training session focused on Code Jumper, Coding and O&M: Headed in the Same Direction. Consult the recording description for prerequisites and intended audience.",Assistive technology,"Educators, families, and interested learners",https://www.youtube.com/watch?v=8taAXfldFJw,APH Access Academy,Yes,Indexed from official collection title; brief scope inferred from title,"Older technology, program, policy, and health information may require current verification. Captions and transcripts have not been audited.",2026-10-06
Code Jumper: A Universal Design for Learning Solution for Computer Science Education,APH — American Printing House for the Blind,Video,APH training session focused on Code Jumper: A Universal Design for Learning Solution for Computer Science Education. Consult the recording description for prerequisites and intended audience.,Assistive technology,"Educators, families, and interested learners",https://www.youtube.com/watch?v=aoAQMh-JwUI,APH Access Academy,Yes,Indexed from official collection title; brief scope inferred from title,"Older technology, program, policy, and health information may require current verification. Captions and transcripts have not been audited.",2026-10-06
Code Jumper: Jumping into Basic Lessons — Algorithms and Sequences,APH — American Printing House for the Blind,Video,APH training session focused on Code Jumper: Jumping into Basic Lessons — Algorithms and Sequences. Consult the recording description for prerequisites and intended audience.,Assistive technology,"Educators, families, and interested learners",https://www.youtube.com/watch?v=B-_Neu4B05g,APH Access Academy,Yes,Indexed from official collection title; brief scope inferred from title,"Older technology, program, policy, and health information may require current verification. Captions and transcripts have not been audited.",2026-10-06
Collaboration Station:  How to Track Changes and Comments with JAWS,APH — American Printing House for the Blind,Video,APH training session focused on Collaboration Station:  How to Track Changes and Comments with JAWS. Consult the recording description for prerequisites and intended audience.,Assistive technology,"Educators, families, and interested learners",https://www.youtube.com/watch?v=buWBimEPLbs,APH Access Academy,Yes,Indexed from official collection title; brief scope inferred from title,"Older technology, program, policy, and health information may require current verification. Captions and transcripts have not been audited.",2026-10-06
Collaborative Partnering in O&M: Now More Than Ever,APH — American Printing House for the Blind,Video,APH training session focused on Collaborative Partnering in O&M: Now More Than Ever. Consult the recording description for prerequisites and intended audience.,Recreation and leisure,"Educators, families, and interested learners",https://www.youtube.com/watch?v=YmKb2qamlrQ,APH Access Academy,Yes,Indexed from official collection title; brief scope inferred from title,"Older technology, program, policy, and health information may require current verification. Captions and transcripts have not been audited.",2026-10-06
Collaborative PsychoEducational Assessments: Visually Impaired Teachers & Evaluators WorkingTogether,APH — American Printing House for the Blind,Video,APH training session focused on Collaborative PsychoEducational Assessments: Visually Impaired Teachers & Evaluators WorkingTogether. Consult the recording description for prerequisites and intended audience.,ECC overview,"Educators, families, and interested learners",https://www.youtube.com/watch?v=HeECTzgO588,APH Access Academy,Yes,Indexed from official collection title; brief scope inferred from title,"Older technology, program, policy, and health information may require current verification. Captions and transcripts have not been audited.",2026-10-06
College Prep Part 1: How to Make a Good Match,APH — American Printing House for the Blind,Video,Archived ExCEL Academy learning activity focused on College Prep Part 1: How to Make a Good Match. Adapt participation and materials to the learner’s access needs.,Recreation and leisure,"Learners, families, and educators",https://www.youtube.com/watch?v=obdlMsVB5aY,APH Virtual ExCEL Academy,Yes,Indexed from official collection title; brief scope inferred from title,"Older technology, program, policy, and health information may require current verification. Captions and transcripts have not been audited.",2026-10-06
College Prep Part 2: How to Determine if You’re REALLY Ready,APH — American Printing House for the Blind,Video,Archived ExCEL Academy learning activity focused on College Prep Part 2: How to Determine if You’re REALLY Ready. Adapt participation and materials to the learner’s access needs.,Recreation and leisure,"Learners, families, and educators",https://www.youtube.com/watch?v=jYzKFnefkuI,APH Virtual ExCEL Academy,Yes,Indexed from official collection title; brief scope inferred from title,"Older technology, program, policy, and health information may require current verification. Captions and transcripts have not been audited.",2026-10-06
College Prep Part 3: How Do I Chose a Major and Other Important Questions,APH — American Printing House for the Blind,Video,Archived ExCEL Academy learning activity focused on College Prep Part 3: How Do I Chose a Major and Other Important Questions. Adapt participation and materials to the learner’s access needs.,Recreation and leisure,"Learners, families, and educators",https://www.youtube.com/watch?v=r056oz0BraY,APH Virtual ExCEL Academy,Yes,Indexed from official collection title; brief scope inferred from title,"Older technology, program, policy, and health information may require current verification. Captions and transcripts have not been audited.",2026-10-06
Communicating about Visual Impairment and Handling those Not-So-Fun Uncomfortable Situations,APH — American Printing House for the Blind,Video,Archived ExCEL Academy learning activity focused on Communicating about Visual Impairment and Handling those Not-So-Fun Uncomfortable Situations. Adapt participation and materials to the learner’s access needs.,Social interaction,"Learners, families, and educators",https://www.youtube.com/watch?v=PMXwexBiOsM,APH Virtual ExCEL Academy,Yes,Indexed from official collection title; brief scope inferred from title,"Older technology, program, policy, and health information may require current verification. Captions and transcripts have not been audited.",2026-10-06
Communication for the Community,APH — American Printing House for the Blind,Video,Archived ExCEL Academy learning activity focused on Communication for the Community. Adapt participation and materials to the learner’s access needs.,Compensatory access; Social interaction,"Learners, families, and educators",https://www.youtube.com/watch?v=S_9hXkpWWg0,APH Virtual ExCEL Academy,Yes,Indexed from official collection title; brief scope inferred from title,"Older technology, program, policy, and health information may require current verification. Captions and transcripts have not been audited.",2026-10-06
Community Connections: Intro to Restaurants (Part 1),APH — American Printing House for the Blind,Video,Archived ExCEL Academy learning activity focused on Community Connections: Intro to Restaurants (Part 1). Adapt participation and materials to the learner’s access needs.,Recreation and leisure,"Learners, families, and educators",https://www.youtube.com/watch?v=R_q-ES6sTgc,APH Virtual ExCEL Academy,Yes,Indexed from official collection title; brief scope inferred from title,"Older technology, program, policy, and health information may require current verification. Captions and transcripts have not been audited.",2026-10-06
Community Connections: Intro to Restaurants (Part 2),APH — American Printing House for the Blind,Video,Archived ExCEL Academy learning activity focused on Community Connections: Intro to Restaurants (Part 2). Adapt participation and materials to the learner’s access needs.,Recreation and leisure,"Learners, families, and educators",https://www.youtube.com/watch?v=1819YJh9QQA,APH Virtual ExCEL Academy,Yes,Indexed from official collection title; brief scope inferred from title,"Older technology, program, policy, and health information may require current verification. Captions and transcripts have not been audited.",2026-10-06
Conquering Canvas with JAWS Beyond the Basics,APH — American Printing House for the Blind,Video,APH training session focused on Conquering Canvas with JAWS Beyond the Basics. Consult the recording description for prerequisites and intended audience.,Assistive technology,"Educators, families, and interested learners",https://www.youtube.com/watch?v=4rHxnta53Ww,APH Access Academy,Yes,Indexed from official collection title; brief scope inferred from title,"Older technology, program, policy, and health information may require current verification. Captions and transcripts have not been audited.",2026-10-06
Conversations with Your General Ed Teacher: How to talk about what you need for virtual learning,APH — American Printing House for the Blind,Video,Archived ExCEL Academy learning activity focused on Conversations with Your General Ed Teacher: How to talk about what you need for virtual learning. Adapt participation and materials to the learner’s access needs.,Social interaction,"Learners, families, and educators",https://www.youtube.com/watch?v=hbx8lj-A9EE,APH Virtual ExCEL Academy,Yes,Indexed from official collection title; brief scope inferred from title,"Older technology, program, policy, and health information may require current verification. Captions and transcripts have not been audited.",2026-10-06
Cooking Breakfast and Where Our Food Comes From,APH — American Printing House for the Blind,Video,Archived ExCEL Academy learning activity focused on Cooking Breakfast and Where Our Food Comes From. Adapt participation and materials to the learner’s access needs.,Independent living,"Learners, families, and educators",https://www.youtube.com/watch?v=NMj1plEMR5k,APH Virtual ExCEL Academy,Yes,Indexed from official collection title; brief scope inferred from title,"Older technology, program, policy, and health information may require current verification. Captions and transcripts have not been audited.",2026-10-06
"Creating A Bookworm with Mantis Q40, Chameleon 20, and Bookshare",APH — American Printing House for the Blind,Video,"APH training session focused on Creating A Bookworm with Mantis Q40, Chameleon 20, and Bookshare. Consult the recording description for prerequisites and intended audience.",Assistive technology,"Educators, families, and interested learners",https://www.youtube.com/watch?v=_WunJQo4aok,APH Access Academy,Yes,Indexed from official collection title; brief scope inferred from title,"Older technology, program, policy, and health information may require current verification. Captions and transcripts have not been audited.",2026-10-06
Creating Meaningful Dots with PixBlaster: Origins and Opportunities,APH — American Printing House for the Blind,Video,APH training session focused on Creating Meaningful Dots with PixBlaster: Origins and Opportunities. Consult the recording description for prerequisites and intended audience.,ECC overview,"Educators, families, and interested learners",https://www.youtube.com/watch?v=FBidxyDYp60,APH Tactile Graphics (BTactile collection),Yes,Indexed from official collection title; brief scope inferred from title,"Older technology, program, policy, and health information may require current verification. Captions and transcripts have not been audited.",2026-10-06
Creating Your Own Personal Passport: Part 1,APH — American Printing House for the Blind,Video,Archived ExCEL Academy learning activity focused on Creating Your Own Personal Passport: Part 1. Adapt participation and materials to the learner’s access needs.,Recreation and leisure,"Learners, families, and educators",https://www.youtube.com/watch?v=4R43rMFF9hI,APH Virtual ExCEL Academy,Yes,Indexed from official collection title; brief scope inferred from title,"Older technology, program, policy, and health information may require current verification. Captions and transcripts have not been audited.",2026-10-06
Creating Your Own Personal Passport: Part 2,APH — American Printing House for the Blind,Video,Archived ExCEL Academy learning activity focused on Creating Your Own Personal Passport: Part 2. Adapt participation and materials to the learner’s access needs.,Recreation and leisure,"Learners, families, and educators",https://www.youtube.com/watch?v=VtwLpEX9r_w,APH Virtual ExCEL Academy,Yes,Indexed from official collection title; brief scope inferred from title,"Older technology, program, policy, and health information may require current verification. Captions and transcripts have not been audited.",2026-10-06
Creating Your Own Personal Passport: Part 3,APH — American Printing House for the Blind,Video,Archived ExCEL Academy learning activity focused on Creating Your Own Personal Passport: Part 3. Adapt participation and materials to the learner’s access needs.,Recreation and leisure,"Learners, families, and educators",https://www.youtube.com/watch?v=AWVOoF58b9A,APH Virtual ExCEL Academy,Yes,Indexed from official collection title; brief scope inferred from title,"Older technology, program, policy, and health information may require current verification. Captions and transcripts have not been audited.",2026-10-06
Creative Learning to Meet Educational and Therapy Goals Using the Reach & Match,APH — American Printing House for the Blind,Video,APH training session focused on Creative Learning to Meet Educational and Therapy Goals Using the Reach & Match. Consult the recording description for prerequisites and intended audience.,Self-determination,"Educators, families, and interested learners",https://www.youtube.com/watch?v=uJNARIfylec,APH Access Academy,Yes,Indexed from official collection title; brief scope inferred from title,"Older technology, program, policy, and health information may require current verification. Captions and transcripts have not been audited.",2026-10-06
Customizing the Jupiter to Fit Your Students Needs,APH — American Printing House for the Blind,Video,APH training session focused on Customizing the Jupiter to Fit Your Students Needs. Consult the recording description for prerequisites and intended audience.,ECC overview,"Educators, families, and interested learners",https://www.youtube.com/watch?v=Qx8bCXQI0Rs,APH Access Academy,Yes,Indexed from official collection title; brief scope inferred from title,"Older technology, program, policy, and health information may require current verification. Captions and transcripts have not been audited.",2026-10-06
Decoding Digital Graphic Design,APH — American Printing House for the Blind,Video,APH training session focused on Decoding Digital Graphic Design. Consult the recording description for prerequisites and intended audience.,Assistive technology; Compensatory access,"Educators, families, and interested learners",https://www.youtube.com/watch?v=tGX8fHmahdU,APH Access Academy,Yes,Indexed from official collection title; brief scope inferred from title,"Older technology, program, policy, and health information may require current verification. Captions and transcripts have not been audited.",2026-10-06
Deductive Detective Skills 2 0,APH — American Printing House for the Blind,Video,Archived ExCEL Academy learning activity focused on Deductive Detective Skills 2 0. Adapt participation and materials to the learner’s access needs.,ECC overview,"Learners, families, and educators",https://www.youtube.com/watch?v=aeOw_UX2Su8,APH Virtual ExCEL Academy,Yes,Indexed from official collection title; brief scope inferred from title,"Older technology, program, policy, and health information may require current verification. Captions and transcripts have not been audited.",2026-10-06
Deductive Detective Skills: Solve the Mystery,APH — American Printing House for the Blind,Video,Archived ExCEL Academy learning activity focused on Deductive Detective Skills: Solve the Mystery. Adapt participation and materials to the learner’s access needs.,ECC overview,"Learners, families, and educators",https://www.youtube.com/watch?v=VDYyuzL9xhI,APH Virtual ExCEL Academy,Yes,Indexed from official collection title; brief scope inferred from title,"Older technology, program, policy, and health information may require current verification. Captions and transcripts have not been audited.",2026-10-06
Developing Our Children's Cooking Skills At An Early Age (Empezando a cocinar a temprana edad),APH — American Printing House for the Blind,Video,Archived ExCEL Academy learning activity focused on Developing Our Children's Cooking Skills At An Early Age (Empezando a cocinar a temprana edad). Adapt participation and materials to the learner’s access needs.,Independent living,"Learners, families, and educators",https://www.youtube.com/watch?v=lHZUWPgxAho,APH Virtual ExCEL Academy,Yes,Indexed from official collection title; brief scope inferred from title,"Older technology, program, policy, and health information may require current verification. Captions and transcripts have not been audited.",2026-10-06
Do I Detect Sarcasm? (Part 1),APH — American Printing House for the Blind,Video,Archived ExCEL Academy learning activity focused on Do I Detect Sarcasm? (Part 1). Adapt participation and materials to the learner’s access needs.,Recreation and leisure,"Learners, families, and educators",https://www.youtube.com/watch?v=lKP3T5h6O_0,APH Virtual ExCEL Academy,Yes,Indexed from official collection title; brief scope inferred from title,"Older technology, program, policy, and health information may require current verification. Captions and transcripts have not been audited.",2026-10-06
Do You Know Juno? Get Your FAQs Answered,APH — American Printing House for the Blind,Video,APH training session focused on Do You Know Juno? Get Your FAQs Answered. Consult the recording description for prerequisites and intended audience.,Assistive technology,"Educators, families, and interested learners",https://www.youtube.com/watch?v=-6NPU1utVyw,APH Access Academy,Yes,Indexed from official collection title; brief scope inferred from title,"Older technology, program, policy, and health information may require current verification. Captions and transcripts have not been audited.",2026-10-06
Does Braille Formatting Spark Joy?,APH — American Printing House for the Blind,Video,APH training session focused on Does Braille Formatting Spark Joy. Consult the recording description for prerequisites and intended audience.,Compensatory access,"Educators, families, and interested learners",https://www.youtube.com/watch?v=Pt-cwzUMGBw,APH Access Academy,Yes,Indexed from official collection title; brief scope inferred from title,"Older technology, program, policy, and health information may require current verification. Captions and transcripts have not been audited.",2026-10-06
Downloading Digital Books with JAWS,APH — American Printing House for the Blind,Video,APH training session focused on Downloading Digital Books with JAWS. Consult the recording description for prerequisites and intended audience.,Assistive technology,"Educators, families, and interested learners",https://www.youtube.com/watch?v=fczoeDE3m-8,APH Access Academy,Yes,Indexed from official collection title; brief scope inferred from title,"Older technology, program, policy, and health information may require current verification. Captions and transcripts have not been audited.",2026-10-06
Dress for Success Part 2,APH — American Printing House for the Blind,Video,Archived ExCEL Academy learning activity focused on Dress for Success Part 2. Adapt participation and materials to the learner’s access needs.,Recreation and leisure,"Learners, families, and educators",https://www.youtube.com/watch?v=KBzclXLmZHQ,APH Virtual ExCEL Academy,Yes,Indexed from official collection title; brief scope inferred from title,"Older technology, program, policy, and health information may require current verification. Captions and transcripts have not been audited.",2026-10-06
Duxbury Braille Translator: Getting Good at Editing,APH — American Printing House for the Blind,Video,APH training session focused on Duxbury Braille Translator: Getting Good at Editing. Consult the recording description for prerequisites and intended audience.,Assistive technology; Compensatory access,"Educators, families, and interested learners",https://www.youtube.com/watch?v=lzgW_IpJ5uA,APH Access Academy,Yes,Indexed from official collection title; brief scope inferred from title,"Older technology, program, policy, and health information may require current verification. Captions and transcripts have not been audited.",2026-10-06
Duxbury Braille Translator: Macros and Math,APH — American Printing House for the Blind,Video,APH training session focused on Duxbury Braille Translator: Macros and Math. Consult the recording description for prerequisites and intended audience.,Assistive technology; Compensatory access,"Educators, families, and interested learners",https://www.youtube.com/watch?v=XjZoLgmaHDU,APH Access Academy,Yes,Indexed from official collection title; brief scope inferred from title,"Older technology, program, policy, and health information may require current verification. Captions and transcripts have not been audited.",2026-10-06
Duxbury Braille Translator: My First Document,APH — American Printing House for the Blind,Video,APH training session focused on Duxbury Braille Translator: My First Document. Consult the recording description for prerequisites and intended audience.,Assistive technology; Compensatory access,"Educators, families, and interested learners",https://www.youtube.com/watch?v=z0cCt7M9M1I,APH Access Academy,Yes,Indexed from official collection title; brief scope inferred from title,"Older technology, program, policy, and health information may require current verification. Captions and transcripts have not been audited.",2026-10-06
Duxbury Braille Translator: Working in an Existing Document and Using Microsoft Word,APH — American Printing House for the Blind,Video,APH training session focused on Duxbury Braille Translator: Working in an Existing Document and Using Microsoft Word. Consult the recording description for prerequisites and intended audience.,Assistive technology; Compensatory access,"Educators, families, and interested learners",https://www.youtube.com/watch?v=T-gvrhggYaM,APH Access Academy,Yes,Indexed from official collection title; brief scope inferred from title,"Older technology, program, policy, and health information may require current verification. Captions and transcripts have not been audited.",2026-10-06
El Abecedario - desarollar habilidades de alfabetización temprana,APH — American Printing House for the Blind,Video,Archived ExCEL Academy learning activity focused on El Abecedario - desarollar habilidades de alfabetización temprana. Adapt participation and materials to the learner’s access needs.,ECC overview,"Learners, families, and educators",https://www.youtube.com/watch?v=6PtTM6p9YMY,APH Virtual ExCEL Academy,Yes,Indexed from official collection title; brief scope inferred from title,"Older technology, program, policy, and health information may require current verification. Captions and transcripts have not been audited.",2026-10-06
Enabling Accessibility Options of the MATT Connect to Benefit Students with Low Vision,APH — American Printing House for the Blind,Video,APH training session focused on Enabling Accessibility Options of the MATT Connect to Benefit Students with Low Vision. Consult the recording description for prerequisites and intended audience.,Assistive technology; Sensory efficiency,"Educators, families, and interested learners",https://www.youtube.com/watch?v=I7A4Ey62WXk,APH Access Academy,Yes,Indexed from official collection title; brief scope inferred from title,"Older technology, program, policy, and health information may require current verification. Captions and transcripts have not been audited.",2026-10-06
Expanding the Braille Literacy Technology Toolbox,APH — American Printing House for the Blind,Video,APH training session focused on Expanding the Braille Literacy Technology Toolbox. Consult the recording description for prerequisites and intended audience.,Assistive technology; Compensatory access,"Educators, families, and interested learners",https://www.youtube.com/watch?v=Y03W7f9v86g,APH Access Academy,Yes,Indexed from official collection title; brief scope inferred from title,"Older technology, program, policy, and health information may require current verification. Captions and transcripts have not been audited.",2026-10-06
Expressing your feelings through music,APH — American Printing House for the Blind,Video,Archived ExCEL Academy learning activity focused on Expressing your feelings through music. Adapt participation and materials to the learner’s access needs.,Recreation and leisure,"Learners, families, and educators",https://www.youtube.com/watch?v=QmXdiQHWF2Y,APH Virtual ExCEL Academy,Yes,Indexed from official collection title; brief scope inferred from title,"Older technology, program, policy, and health information may require current verification. Captions and transcripts have not been audited.",2026-10-06
Farm animals,APH — American Printing House for the Blind,Video,Archived ExCEL Academy learning activity focused on Farm animals. Adapt participation and materials to the learner’s access needs.,ECC overview,"Learners, families, and educators",https://www.youtube.com/watch?v=eyP5kipgowg,APH Virtual ExCEL Academy,Yes,Indexed from official collection title; brief scope inferred from title,"Older technology, program, policy, and health information may require current verification. Captions and transcripts have not been audited.",2026-10-06
Filling the Canvas: Using JAWS with Canvas Learning Management System,APH — American Printing House for the Blind,Video,APH training session focused on Filling the Canvas: Using JAWS with Canvas Learning Management System. Consult the recording description for prerequisites and intended audience.,Assistive technology,"Educators, families, and interested learners",https://www.youtube.com/watch?v=19XqlKo3obE,APH Access Academy,Yes,Indexed from official collection title; brief scope inferred from title,"Older technology, program, policy, and health information may require current verification. Captions and transcripts have not been audited.",2026-10-06
Finish with a Flourish: Writing and Exam tools on the MATT Connect,APH — American Printing House for the Blind,Video,APH training session focused on Finish with a Flourish: Writing and Exam tools on the MATT Connect. Consult the recording description for prerequisites and intended audience.,Assistive technology,"Educators, families, and interested learners",https://www.youtube.com/watch?v=rOA_pKUZBO8,APH Access Academy,Yes,Indexed from official collection title; brief scope inferred from title,"Older technology, program, policy, and health information may require current verification. Captions and transcripts have not been audited.",2026-10-06
Firebird Graphics Editor for PageBlaster Embosser,APH — American Printing House for the Blind,Video,APH training session focused on Firebird Graphics Editor for PageBlaster Embosser. Consult the recording description for prerequisites and intended audience.,Compensatory access,"Educators, families, and interested learners",https://www.youtube.com/watch?v=yVUJQAUoe2A,APH Tactile Graphics (BTactile collection),Yes,Indexed from official collection title; brief scope inferred from title,"Older technology, program, policy, and health information may require current verification. Captions and transcripts have not been audited.",2026-10-06
First Steps of Literacy using the BrailleBuzz App,APH — American Printing House for the Blind,Video,APH training session focused on First Steps of Literacy using the BrailleBuzz App. Consult the recording description for prerequisites and intended audience.,Assistive technology; Compensatory access,"Educators, families, and interested learners",https://www.youtube.com/watch?v=No1r5zIabtY,APH Access Academy,Yes,Indexed from official collection title; brief scope inferred from title,"Older technology, program, policy, and health information may require current verification. Captions and transcripts have not been audited.",2026-10-06
Freedom First Approach for Self-Determination of Babies and Young Children (Part 1),APH — American Printing House for the Blind,Video,APH training session focused on Freedom First Approach for Self-Determination of Babies and Young Children (Part 1). Consult the recording description for prerequisites and intended audience.,Assistive technology; Self-determination; Recreation and leisure,"Educators, families, and interested learners",https://www.youtube.com/watch?v=_JNxe4Y3AU8,APH Access Academy,Yes,Indexed from official collection title; brief scope inferred from title,"Older technology, program, policy, and health information may require current verification. Captions and transcripts have not been audited.",2026-10-06
Freedom First Approach for Self-Determination of Babies and Young Children (Part 2),APH — American Printing House for the Blind,Video,APH training session focused on Freedom First Approach for Self-Determination of Babies and Young Children (Part 2). Consult the recording description for prerequisites and intended audience.,Assistive technology; Self-determination; Recreation and leisure,"Educators, families, and interested learners",https://www.youtube.com/watch?v=F5JABnPQBgM,APH Access Academy,Yes,Indexed from official collection title; brief scope inferred from title,"Older technology, program, policy, and health information may require current verification. Captions and transcripts have not been audited.",2026-10-06
Freedom of Movement,APH — American Printing House for the Blind,Video,APH training session focused on Freedom of Movement. Consult the recording description for prerequisites and intended audience.,ECC overview,"Educators, families, and interested learners",https://www.youtube.com/watch?v=RzmlIJTWN4w,APH Access Academy,Yes,Indexed from official collection title; brief scope inferred from title,"Older technology, program, policy, and health information may require current verification. Captions and transcripts have not been audited.",2026-10-06
Fun At Home Yoga and Movement Activities,APH — American Printing House for the Blind,Video,Archived ExCEL Academy learning activity focused on Fun At Home Yoga and Movement Activities. Adapt participation and materials to the learner’s access needs.,Independent living; Recreation and leisure,"Learners, families, and educators",https://www.youtube.com/watch?v=0qpENDw2dyA,APH Virtual ExCEL Academy,Yes,Indexed from official collection title; brief scope inferred from title,"Older technology, program, policy, and health information may require current verification. Captions and transcripts have not been audited.",2026-10-06
"Fun in the Summer Time with APH Physical Education, Recreation and Health",APH — American Printing House for the Blind,Video,"APH training session focused on Fun in the Summer Time with APH Physical Education, Recreation and Health. Consult the recording description for prerequisites and intended audience.",Independent living; Recreation and leisure,"Educators, families, and interested learners",https://www.youtube.com/watch?v=wtMuGXb9j0E,APH Access Academy,Yes,Indexed from official collection title; brief scope inferred from title,"Older technology, program, policy, and health information may require current verification. Captions and transcripts have not been audited.",2026-10-06
Fun with Braille,APH — American Printing House for the Blind,Video,Archived ExCEL Academy learning activity focused on Fun with Braille. Adapt participation and materials to the learner’s access needs.,Compensatory access,"Learners, families, and educators",https://www.youtube.com/watch?v=apWDbj3oKxE,APH Virtual ExCEL Academy,Yes,Indexed from official collection title; brief scope inferred from title,"Older technology, program, policy, and health information may require current verification. Captions and transcripts have not been audited.",2026-10-06
Fun with Braille 2,APH — American Printing House for the Blind,Video,Archived ExCEL Academy learning activity focused on Fun with Braille 2. Adapt participation and materials to the learner’s access needs.,Compensatory access,"Learners, families, and educators",https://www.youtube.com/watch?v=ORq0JzJxntM,APH Virtual ExCEL Academy,Yes,Indexed from official collection title; brief scope inferred from title,"Older technology, program, policy, and health information may require current verification. Captions and transcripts have not been audited.",2026-10-06
Getting in Charge of Getting Around,APH — American Printing House for the Blind,Video,Archived ExCEL Academy learning activity focused on Getting in Charge of Getting Around. Adapt participation and materials to the learner’s access needs.,ECC overview,"Learners, families, and educators",https://www.youtube.com/watch?v=7CQWR91Er0s,APH Virtual ExCEL Academy,Yes,Indexed from official collection title; brief scope inferred from title,"Older technology, program, policy, and health information may require current verification. Captions and transcripts have not been audited.",2026-10-06
Getting Started with Tactile Algebra Tiles,APH — American Printing House for the Blind,Video,APH training session focused on Getting Started with Tactile Algebra Tiles. Consult the recording description for prerequisites and intended audience.,Compensatory access; Recreation and leisure,"Educators, families, and interested learners",https://www.youtube.com/watch?v=RhQ0ItO9qLo,APH Access Academy,Yes,Indexed from official collection title; brief scope inferred from title,"Older technology, program, policy, and health information may require current verification. Captions and transcripts have not been audited.",2026-10-06
Getting to the Center of “Finger Walks” Exploring Labyrinths Through Time and Space.,APH — American Printing House for the Blind,Video,APH training session focused on Getting to the Center of “Finger Walks” Exploring Labyrinths Through Time and Space. Consult the recording description for prerequisites and intended audience.,ECC overview,"Educators, families, and interested learners",https://www.youtube.com/watch?v=8g6gCna6tH4,APH Tactile Graphics (BTactile collection),Yes,Indexed from official collection title; brief scope inferred from title,"Older technology, program, policy, and health information may require current verification. Captions and transcripts have not been audited.",2026-10-06
Girl Talk: Part 2,APH — American Printing House for the Blind,Video,Archived ExCEL Academy learning activity focused on Girl Talk: Part 2. Adapt participation and materials to the learner’s access needs.,Recreation and leisure,"Learners, families, and educators",https://www.youtube.com/watch?v=L43JGfjfPKk,APH Virtual ExCEL Academy,Yes,Indexed from official collection title; brief scope inferred from title,"Older technology, program, policy, and health information may require current verification. Captions and transcripts have not been audited.",2026-10-06
Girls Group,APH — American Printing House for the Blind,Video,Archived ExCEL Academy learning activity focused on Girls Group. Adapt participation and materials to the learner’s access needs.,ECC overview,"Learners, families, and educators",https://www.youtube.com/watch?v=oY0cn-hsziA,APH Virtual ExCEL Academy,Yes,Indexed from official collection title; brief scope inferred from title,"Older technology, program, policy, and health information may require current verification. Captions and transcripts have not been audited.",2026-10-06
Go Back to School with MATT Connect,APH — American Printing House for the Blind,Video,APH training session focused on Go Back to School with MATT Connect. Consult the recording description for prerequisites and intended audience.,Assistive technology,"Educators, families, and interested learners",https://www.youtube.com/watch?v=B_ShLvsa5vE,APH Access Academy,Yes,Indexed from official collection title; brief scope inferred from title,"Older technology, program, policy, and health information may require current verification. Captions and transcripts have not been audited.",2026-10-06
Going out to eat!,APH — American Printing House for the Blind,Video,Archived ExCEL Academy learning activity focused on Going out to eat!. Adapt participation and materials to the learner’s access needs.,ECC overview,"Learners, families, and educators",https://www.youtube.com/watch?v=bny52laqQco,APH Virtual ExCEL Academy,Yes,Indexed from official collection title; brief scope inferred from title,"Older technology, program, policy, and health information may require current verification. Captions and transcripts have not been audited.",2026-10-06
Great Apps to Live Our Best Lives: Perspectives from One Visually Impaired Person to Another,APH — American Printing House for the Blind,Video,Archived ExCEL Academy learning activity focused on Great Apps to Live Our Best Lives: Perspectives from One Visually Impaired Person to Another. Adapt participation and materials to the learner’s access needs.,Assistive technology,"Learners, families, and educators",https://www.youtube.com/watch?v=IXy8LqyCqQM,APH Virtual ExCEL Academy,Yes,Indexed from official collection title; brief scope inferred from title,"Older technology, program, policy, and health information may require current verification. Captions and transcripts have not been audited.",2026-10-06
Health is Meaningful Living: Nutrition and Disease Prevention (Part 1),APH — American Printing House for the Blind,Video,APH training session focused on Health is Meaningful Living: Nutrition and Disease Prevention (Part 1). Consult the recording description for prerequisites and intended audience.,Independent living; Recreation and leisure,"Educators, families, and interested learners",https://www.youtube.com/watch?v=jw_3qDgGkRc,APH Access Academy,Yes,Indexed from official collection title; brief scope inferred from title,"Older technology, program, policy, and health information may require current verification. Captions and transcripts have not been audited.",2026-10-06
Health is Meaningful Living: Personal Health and Safety,APH — American Printing House for the Blind,Video,APH training session focused on Health is Meaningful Living: Personal Health and Safety. Consult the recording description for prerequisites and intended audience.,Independent living,"Educators, families, and interested learners",https://www.youtube.com/watch?v=RPznID3u7oM,APH Access Academy,Yes,Indexed from official collection title; brief scope inferred from title,"Older technology, program, policy, and health information may require current verification. Captions and transcripts have not been audited.",2026-10-06
Healthy New Year--Setting Short Term Goals for Long Term Success,APH — American Printing House for the Blind,Video,Archived ExCEL Academy learning activity focused on Healthy New Year--Setting Short Term Goals for Long Term Success. Adapt participation and materials to the learner’s access needs.,Independent living; Self-determination,"Learners, families, and educators",https://www.youtube.com/watch?v=5pFIZYj7yjA,APH Virtual ExCEL Academy,Yes,Indexed from official collection title; brief scope inferred from title,"Older technology, program, policy, and health information may require current verification. Captions and transcripts have not been audited.",2026-10-06
Home Improvement: Tricks for Repair Around the House,APH — American Printing House for the Blind,Video,Archived ExCEL Academy learning activity focused on Home Improvement: Tricks for Repair Around the House. Adapt participation and materials to the learner’s access needs.,Independent living,"Learners, families, and educators",https://www.youtube.com/watch?v=XWN5B4EGsfI,APH Virtual ExCEL Academy,Yes,Indexed from official collection title; brief scope inferred from title,"Older technology, program, policy, and health information may require current verification. Captions and transcripts have not been audited.",2026-10-06
Hop into Fusion: A Software Solution for Every-Bunny,APH — American Printing House for the Blind,Video,APH training session focused on Hop into Fusion: A Software Solution for Every-Bunny. Consult the recording description for prerequisites and intended audience.,Assistive technology,"Educators, families, and interested learners",https://www.youtube.com/watch?v=_0U2X4vFvmo,APH Access Academy,Yes,Indexed from official collection title; brief scope inferred from title,"Older technology, program, policy, and health information may require current verification. Captions and transcripts have not been audited.",2026-10-06
Hundreds of Periodicals at your Fingertips: NFB-NEWSLINE™ with the Mantis and Chameleon,APH — American Printing House for the Blind,Video,APH training session focused on Hundreds of Periodicals at your Fingertips: NFB-NEWSLINE™ with the Mantis and Chameleon. Consult the recording description for prerequisites and intended audience.,Assistive technology,"Educators, families, and interested learners",https://www.youtube.com/watch?v=CzYVI8zV-_4,APH Access Academy,Yes,Indexed from official collection title; brief scope inferred from title,"Older technology, program, policy, and health information may require current verification. Captions and transcripts have not been audited.",2026-10-06
I'm a Scientist and I Didn't Even Know It!! Mystery Box Observations,APH — American Printing House for the Blind,Video,Archived ExCEL Academy learning activity focused on I'm a Scientist and I Didn't Even Know It!! Mystery Box Observations. Adapt participation and materials to the learner’s access needs.,ECC overview,"Learners, families, and educators",https://www.youtube.com/watch?v=uLr3yJtGqAo,APH Virtual ExCEL Academy,Yes,Indexed from official collection title; brief scope inferred from title,"Older technology, program, policy, and health information may require current verification. Captions and transcripts have not been audited.",2026-10-06
Improve your View of Windows 10 and JAWS,APH — American Printing House for the Blind,Video,APH training session focused on Improve your View of Windows 10 and JAWS. Consult the recording description for prerequisites and intended audience.,Assistive technology,"Educators, families, and interested learners",https://www.youtube.com/watch?v=2c64UFFzNy0,APH Access Academy,Yes,Indexed from official collection title; brief scope inferred from title,"Older technology, program, policy, and health information may require current verification. Captions and transcripts have not been audited.",2026-10-06
Independencia en Casa,APH — American Printing House for the Blind,Video,Archived ExCEL Academy learning activity focused on Independencia en Casa. Adapt participation and materials to the learner’s access needs.,ECC overview,"Learners, families, and educators",https://www.youtube.com/watch?v=aF9lPT_IowY,APH Virtual ExCEL Academy,Yes,Indexed from official collection title; brief scope inferred from title,"Older technology, program, policy, and health information may require current verification. Captions and transcripts have not been audited.",2026-10-06
"Intro to Infant Massage for Kids with VI: Shared Joy, Body Awareness, and Touch Communication",APH — American Printing House for the Blind,Video,"Archived ExCEL Academy learning activity focused on Intro to Infant Massage for Kids with VI: Shared Joy, Body Awareness, and Touch Communication. Adapt participation and materials to the learner’s access needs.",Compensatory access; Social interaction,"Learners, families, and educators",https://www.youtube.com/watch?v=22b88Y3g7gI,APH Virtual ExCEL Academy,Yes,Indexed from official collection title; brief scope inferred from title,"Older technology, program, policy, and health information may require current verification. Captions and transcripts have not been audited.",2026-10-06
Introduction to Braille,APH — American Printing House for the Blind,Video,Archived ExCEL Academy learning activity focused on Introduction to Braille. Adapt participation and materials to the learner’s access needs.,Compensatory access,"Learners, families, and educators",https://www.youtube.com/watch?v=OqP9kZ7Fptw,APH Virtual ExCEL Academy,Yes,Indexed from official collection title; brief scope inferred from title,"Older technology, program, policy, and health information may require current verification. Captions and transcripts have not been audited.",2026-10-06
Introduction to Dramatic Writing   Get Inspired by Audiojack,APH — American Printing House for the Blind,Video,APH training session focused on Introduction to Dramatic Writing   Get Inspired by Audiojack. Consult the recording description for prerequisites and intended audience.,ECC overview,"Educators, families, and interested learners",https://www.youtube.com/watch?v=7YDRbB1FmAE,APH Access Academy,Yes,Indexed from official collection title; brief scope inferred from title,"Older technology, program, policy, and health information may require current verification. Captions and transcripts have not been audited.",2026-10-06
Introduction to Dramatic Writing Part 2: Energize your writing with Audiojack,APH — American Printing House for the Blind,Video,APH training session focused on Introduction to Dramatic Writing Part 2: Energize your writing with Audiojack. Consult the recording description for prerequisites and intended audience.,Recreation and leisure,"Educators, families, and interested learners",https://www.youtube.com/watch?v=w_gAEdsHWPg,APH Access Academy,Yes,Indexed from official collection title; brief scope inferred from title,"Older technology, program, policy, and health information may require current verification. Captions and transcripts have not been audited.",2026-10-06
Introduction to Snap Circuits,APH — American Printing House for the Blind,Video,APH training session focused on Introduction to Snap Circuits. Consult the recording description for prerequisites and intended audience.,ECC overview,"Educators, families, and interested learners",https://www.youtube.com/watch?v=xF9qE5QIsP8,APH Access Academy,Yes,Indexed from official collection title; brief scope inferred from title,"Older technology, program, policy, and health information may require current verification. Captions and transcripts have not been audited.",2026-10-06
JAWS and Citation Styles: Did someone say citation styles?,APH — American Printing House for the Blind,Video,APH training session focused on JAWS and Citation Styles: Did someone say citation styles. Consult the recording description for prerequisites and intended audience.,Assistive technology,"Educators, families, and interested learners",https://www.youtube.com/watch?v=acRyKqoz8z4,APH Access Academy,Yes,Indexed from official collection title; brief scope inferred from title,"Older technology, program, policy, and health information may require current verification. Captions and transcripts have not been audited.",2026-10-06
JAWS and Gmail,APH — American Printing House for the Blind,Video,APH training session focused on JAWS and Gmail. Consult the recording description for prerequisites and intended audience.,Assistive technology,"Educators, families, and interested learners",https://www.youtube.com/watch?v=K_P7LgOkAPI,APH Access Academy,Yes,Indexed from official collection title; brief scope inferred from title,"Older technology, program, policy, and health information may require current verification. Captions and transcripts have not been audited.",2026-10-06
JAWS and Text Analyzer: Do You What I Hear?,APH — American Printing House for the Blind,Video,APH training session focused on JAWS and Text Analyzer: Do You What I Hear. Consult the recording description for prerequisites and intended audience.,Assistive technology,"Educators, families, and interested learners",https://www.youtube.com/watch?v=5wT230yP1qU,APH Access Academy,Yes,Indexed from official collection title; brief scope inferred from title,"Older technology, program, policy, and health information may require current verification. Captions and transcripts have not been audited.",2026-10-06
JAWS with Google Chrome,APH — American Printing House for the Blind,Video,APH training session focused on JAWS with Google Chrome. Consult the recording description for prerequisites and intended audience.,Assistive technology,"Educators, families, and interested learners",https://www.youtube.com/watch?v=K1McWP9Lz04,APH Access Academy,Yes,Indexed from official collection title; brief scope inferred from title,"Older technology, program, policy, and health information may require current verification. Captions and transcripts have not been audited.",2026-10-06
JAWS with Google Classroom,APH — American Printing House for the Blind,Video,APH training session focused on JAWS with Google Classroom. Consult the recording description for prerequisites and intended audience.,Assistive technology,"Educators, families, and interested learners",https://www.youtube.com/watch?v=0wVnF0aY2fI,APH Access Academy,Yes,Indexed from official collection title; brief scope inferred from title,"Older technology, program, policy, and health information may require current verification. Captions and transcripts have not been audited.",2026-10-06
Jaws with Google Docs Getting Started,APH — American Printing House for the Blind,Video,APH training session focused on Jaws with Google Docs Getting Started. Consult the recording description for prerequisites and intended audience.,Assistive technology; Recreation and leisure,"Educators, families, and interested learners",https://www.youtube.com/watch?v=AcdDxMI05f4,APH Access Academy,Yes,Indexed from official collection title; brief scope inferred from title,"Older technology, program, policy, and health information may require current verification. Captions and transcripts have not been audited.",2026-10-06
Jaws with Google Docs: Getting Started,APH — American Printing House for the Blind,Video,APH training session focused on Jaws with Google Docs: Getting Started. Consult the recording description for prerequisites and intended audience.,Assistive technology; Recreation and leisure,"Educators, families, and interested learners",https://www.youtube.com/watch?v=avAFBR1ckv8,APH Access Academy,Yes,Indexed from official collection title; brief scope inferred from title,"Older technology, program, policy, and health information may require current verification. Captions and transcripts have not been audited.",2026-10-06
JAWS with Google Slides,APH — American Printing House for the Blind,Video,APH training session focused on JAWS with Google Slides. Consult the recording description for prerequisites and intended audience.,Assistive technology,"Educators, families, and interested learners",https://www.youtube.com/watch?v=btUBNnJplyE,APH Access Academy,Yes,Indexed from official collection title; brief scope inferred from title,"Older technology, program, policy, and health information may require current verification. Captions and transcripts have not been audited.",2026-10-06
Jungle Books: UEB Math/Science & UEB with Nemeth,APH — American Printing House for the Blind,Video,APH training session focused on Jungle Books: UEB Math/Science & UEB with Nemeth. Consult the recording description for prerequisites and intended audience.,Compensatory access,"Educators, families, and interested learners",https://www.youtube.com/watch?v=_I3TQFOqbhc,APH Access Academy,Yes,Indexed from official collection title; brief scope inferred from title,"Older technology, program, policy, and health information may require current verification. Captions and transcripts have not been audited.",2026-10-06
Juno Tips & Tricks: Unboxing,APH — American Printing House for the Blind,Video,APH training session focused on Juno Tips & Tricks: Unboxing. Consult the recording description for prerequisites and intended audience.,Assistive technology,"Educators, families, and interested learners",https://www.youtube.com/watch?v=8z2BlrLUe1s,APH Access Academy,Yes,Indexed from official collection title; brief scope inferred from title,"Older technology, program, policy, and health information may require current verification. Captions and transcripts have not been audited.",2026-10-06
Juno Tips and Tricks: Camera,APH — American Printing House for the Blind,Video,APH training session focused on Juno Tips and Tricks: Camera. Consult the recording description for prerequisites and intended audience.,Assistive technology,"Educators, families, and interested learners",https://www.youtube.com/watch?v=AWuZxr2HFQM,APH Access Academy,Yes,Indexed from official collection title; brief scope inferred from title,"Older technology, program, policy, and health information may require current verification. Captions and transcripts have not been audited.",2026-10-06
Juno Tips and Tricks: File Manager,APH — American Printing House for the Blind,Video,APH training session focused on Juno Tips and Tricks: File Manager. Consult the recording description for prerequisites and intended audience.,Assistive technology,"Educators, families, and interested learners",https://www.youtube.com/watch?v=v5kC0aBfcl0,APH Access Academy,Yes,Indexed from official collection title; brief scope inferred from title,"Older technology, program, policy, and health information may require current verification. Captions and transcripts have not been audited.",2026-10-06
Juno Tips and Tricks: Menus,APH — American Printing House for the Blind,Video,APH training session focused on Juno Tips and Tricks: Menus. Consult the recording description for prerequisites and intended audience.,Assistive technology,"Educators, families, and interested learners",https://www.youtube.com/watch?v=EZj2H6JqsVY,APH Access Academy,Yes,Indexed from official collection title; brief scope inferred from title,"Older technology, program, policy, and health information may require current verification. Captions and transcripts have not been audited.",2026-10-06
Juno Tips and Tricks: OCR,APH — American Printing House for the Blind,Video,APH training session focused on Juno Tips and Tricks: OCR. Consult the recording description for prerequisites and intended audience.,Assistive technology,"Educators, families, and interested learners",https://www.youtube.com/watch?v=o8JL8xUFfEQ,APH Access Academy,Yes,Indexed from official collection title; brief scope inferred from title,"Older technology, program, policy, and health information may require current verification. Captions and transcripts have not been audited.",2026-10-06
Juno Tips and Tricks: The Final Chapter,APH — American Printing House for the Blind,Video,APH training session focused on Juno Tips and Tricks: The Final Chapter. Consult the recording description for prerequisites and intended audience.,Assistive technology,"Educators, families, and interested learners",https://www.youtube.com/watch?v=0woJTPeKWHQ,APH Access Academy,Yes,Indexed from official collection title; brief scope inferred from title,"Older technology, program, policy, and health information may require current verification. Captions and transcripts have not been audited.",2026-10-06
Jupiter Portable Magnifier: Strategies and Features,APH — American Printing House for the Blind,Video,APH training session focused on Jupiter Portable Magnifier: Strategies and Features. Consult the recording description for prerequisites and intended audience.,ECC overview,"Educators, families, and interested learners",https://www.youtube.com/watch?v=j-T1Ziud8As,APH Access Academy,Yes,Indexed from official collection title; brief scope inferred from title,"Older technology, program, policy, and health information may require current verification. Captions and transcripts have not been audited.",2026-10-06
Know Your Rights: How to be a Self-Advocacy Super Hero!,APH — American Printing House for the Blind,Video,Archived ExCEL Academy learning activity focused on Know Your Rights: How to be a Self-Advocacy Super Hero!. Adapt participation and materials to the learner’s access needs.,Self-determination,"Learners, families, and educators",https://www.youtube.com/watch?v=0OvH8WWTAro,APH Virtual ExCEL Academy,Yes,Indexed from official collection title; brief scope inferred from title,"Older technology, program, policy, and health information may require current verification. Captions and transcripts have not been audited.",2026-10-06
Knowing what They Know: Using the Boehm-3 Preschool for Progress Monitoring,APH — American Printing House for the Blind,Video,APH training session focused on Knowing what They Know: Using the Boehm-3 Preschool for Progress Monitoring. Consult the recording description for prerequisites and intended audience.,ECC overview,"Educators, families, and interested learners",https://www.youtube.com/watch?v=YjTDsj4GwrU,APH Access Academy,Yes,Indexed from official collection title; brief scope inferred from title,"Older technology, program, policy, and health information may require current verification. Captions and transcripts have not been audited.",2026-10-06
LEGO Foundation: What we Mean by Learning Through Play,APH — American Printing House for the Blind,Video,APH training session focused on LEGO Foundation: What we Mean by Learning Through Play. Consult the recording description for prerequisites and intended audience.,Recreation and leisure,"Educators, families, and interested learners",https://www.youtube.com/watch?v=6pD_tAth8xg,APH Access Academy,Yes,Indexed from official collection title; brief scope inferred from title,"Older technology, program, policy, and health information may require current verification. Captions and transcripts have not been audited.",2026-10-06
Lessons Learned From Providing Hybrid & Distance O&M Instruction,APH — American Printing House for the Blind,Video,APH training session focused on Lessons Learned From Providing Hybrid & Distance O&M Instruction. Consult the recording description for prerequisites and intended audience.,ECC overview,"Educators, families, and interested learners",https://www.youtube.com/watch?v=UrPq7HXQ9AU,APH Access Academy,Yes,Indexed from official collection title; brief scope inferred from title,"Older technology, program, policy, and health information may require current verification. Captions and transcripts have not been audited.",2026-10-06
Let’s Explore Coins!,APH — American Printing House for the Blind,Video,Archived ExCEL Academy learning activity focused on Let’s Explore Coins!. Adapt participation and materials to the learner’s access needs.,ECC overview,"Learners, families, and educators",https://www.youtube.com/watch?v=o_5LJkryj7c,APH Virtual ExCEL Academy,Yes,Indexed from official collection title; brief scope inferred from title,"Older technology, program, policy, and health information may require current verification. Captions and transcripts have not been audited.",2026-10-06
Let’s Ride: A Guide to Using Ride Share,APH — American Printing House for the Blind,Video,Archived ExCEL Academy learning activity focused on Let’s Ride: A Guide to Using Ride Share. Adapt participation and materials to the learner’s access needs.,ECC overview,"Learners, families, and educators",https://www.youtube.com/watch?v=agBewyxfuj8,APH Virtual ExCEL Academy,Yes,Indexed from official collection title; brief scope inferred from title,"Older technology, program, policy, and health information may require current verification. Captions and transcripts have not been audited.",2026-10-06
"Life Changers: How Accessibility Laws, Guidelines and Awareness are Changing Lives",APH — American Printing House for the Blind,Video,"APH training session focused on Life Changers: How Accessibility Laws, Guidelines and Awareness are Changing Lives. Consult the recording description for prerequisites and intended audience.",ECC overview,"Educators, families, and interested learners",https://www.youtube.com/watch?v=H0ViDwkRh50,APH Access Academy,Yes,Indexed from official collection title; brief scope inferred from title,"Older technology, program, policy, and health information may require current verification. Captions and transcripts have not been audited.",2026-10-06
Light Box Story Hour 2!  More literacy activities for students w/ vi & additional disabilities,APH — American Printing House for the Blind,Video,Archived ExCEL Academy learning activity focused on Light Box Story Hour 2!  More literacy activities for students w/ vi & additional disabilities. Adapt participation and materials to the learner’s access needs.,Compensatory access; Sensory efficiency,"Learners, families, and educators",https://www.youtube.com/watch?v=0SB-RexHhIw,APH Virtual ExCEL Academy,Yes,Indexed from official collection title; brief scope inferred from title,"Older technology, program, policy, and health information may require current verification. Captions and transcripts have not been audited.",2026-10-06
Lightbox Story Hour! Literacy activities for students w/ visual impairments & add'l disabilities,APH — American Printing House for the Blind,Video,Archived ExCEL Academy learning activity focused on Lightbox Story Hour! Literacy activities for students w/ visual impairments & add'l disabilities. Adapt participation and materials to the learner’s access needs.,Compensatory access,"Learners, families, and educators",https://www.youtube.com/watch?v=Knm-4HzXThQ,APH Virtual ExCEL Academy,Yes,Indexed from official collection title; brief scope inferred from title,"Older technology, program, policy, and health information may require current verification. Captions and transcripts have not been audited.",2026-10-06
Loop there it is! Repetition is key to learning with Code Jumper,APH — American Printing House for the Blind,Video,APH training session focused on Loop there it is! Repetition is key to learning with Code Jumper. Consult the recording description for prerequisites and intended audience.,Assistive technology,"Educators, families, and interested learners",https://www.youtube.com/watch?v=diilzGL3Mtg,APH Access Academy,Yes,Indexed from official collection title; brief scope inferred from title,"Older technology, program, policy, and health information may require current verification. Captions and transcripts have not been audited.",2026-10-06
Lugares en la comunidad y que devo de saber sobre ellos (Places in the community),APH — American Printing House for the Blind,Video,Archived ExCEL Academy learning activity focused on Lugares en la comunidad y que devo de saber sobre ellos (Places in the community). Adapt participation and materials to the learner’s access needs.,ECC overview,"Learners, families, and educators",https://www.youtube.com/watch?v=OAUaFJ1NUWQ,APH Virtual ExCEL Academy,Yes,Indexed from official collection title; brief scope inferred from title,"Older technology, program, policy, and health information may require current verification. Captions and transcripts have not been audited.",2026-10-06
Mailing Materials ‘Free Matter for the Blind or Handicapped’,APH — American Printing House for the Blind,Video,Archived ExCEL Academy learning activity focused on Mailing Materials ‘Free Matter for the Blind or Handicapped’. Adapt participation and materials to the learner’s access needs.,Assistive technology,"Learners, families, and educators",https://www.youtube.com/watch?v=s-hd-iYo1TQ,APH Virtual ExCEL Academy,Yes,Indexed from official collection title; brief scope inferred from title,"Older technology, program, policy, and health information may require current verification. Captions and transcripts have not been audited.",2026-10-06
Making Music with Things Around You!,APH — American Printing House for the Blind,Video,Archived ExCEL Academy learning activity focused on Making Music with Things Around You!. Adapt participation and materials to the learner’s access needs.,Recreation and leisure,"Learners, families, and educators",https://www.youtube.com/watch?v=DtR2HDq1y5w,APH Virtual ExCEL Academy,Yes,Indexed from official collection title; brief scope inferred from title,"Older technology, program, policy, and health information may require current verification. Captions and transcripts have not been audited.",2026-10-06
Man Camp,APH — American Printing House for the Blind,Video,Archived ExCEL Academy learning activity focused on Man Camp. Adapt participation and materials to the learner’s access needs.,ECC overview,"Learners, families, and educators",https://www.youtube.com/watch?v=v54ZbWc_WGw,APH Virtual ExCEL Academy,Yes,Indexed from official collection title; brief scope inferred from title,"Older technology, program, policy, and health information may require current verification. Captions and transcripts have not been audited.",2026-10-06
Maps for the Braille Adventure,APH — American Printing House for the Blind,Video,APH training session focused on Maps for the Braille Adventure. Consult the recording description for prerequisites and intended audience.,Compensatory access; Orientation and mobility,"Educators, families, and interested learners",https://www.youtube.com/watch?v=A0Ai7rDj0f8,APH Access Academy; APH Tactile Graphics (BTactile collection),Yes,Indexed from official collection title; brief scope inferred from title,"Older technology, program, policy, and health information may require current verification. Captions and transcripts have not been audited.",2026-10-06
March 2nd webinar: March into March and Spring into Spring,APH — American Printing House for the Blind,Video,Archived ExCEL Academy learning activity focused on March 2nd webinar: March into March and Spring into Spring. Adapt participation and materials to the learner’s access needs.,ECC overview,"Learners, families, and educators",https://www.youtube.com/watch?v=OyuHqVPbeTI,APH Virtual ExCEL Academy,Yes,Indexed from official collection title; brief scope inferred from title,"Older technology, program, policy, and health information may require current verification. Captions and transcripts have not been audited.",2026-10-06
Marvin's Market Adventure and Grandma's Special Birthday Picnic (Part 3 and 4),APH — American Printing House for the Blind,Video,Archived ExCEL Academy learning activity focused on Marvin's Market Adventure and Grandma's Special Birthday Picnic (Part 3 and 4). Adapt participation and materials to the learner’s access needs.,Recreation and leisure,"Learners, families, and educators",https://www.youtube.com/watch?v=HcN7YUW_9mI,APH Virtual ExCEL Academy,Yes,Indexed from official collection title; brief scope inferred from title,"Older technology, program, policy, and health information may require current verification. Captions and transcripts have not been audited.",2026-10-06
Marvin's Market Adventure and Grandma's Special Birthday Picnic (Part 5 and 6),APH — American Printing House for the Blind,Video,Archived ExCEL Academy learning activity focused on Marvin's Market Adventure and Grandma's Special Birthday Picnic (Part 5 and 6). Adapt participation and materials to the learner’s access needs.,Recreation and leisure,"Learners, families, and educators",https://www.youtube.com/watch?v=hsOLCWXfLPU,APH Virtual ExCEL Academy,Yes,Indexed from official collection title; brief scope inferred from title,"Older technology, program, policy, and health information may require current verification. Captions and transcripts have not been audited.",2026-10-06
Marvin's Market Adventure and Grandma's Special Birthday Picnic with Gwyn McCormack (Part 1 and 2),APH — American Printing House for the Blind,Video,Archived ExCEL Academy learning activity focused on Marvin's Market Adventure and Grandma's Special Birthday Picnic with Gwyn McCormack (Part 1 and 2). Adapt participation and materials to the learner’s access needs.,Recreation and leisure,"Learners, families, and educators",https://www.youtube.com/watch?v=FTsnFc6Lweg,APH Virtual ExCEL Academy,Yes,Indexed from official collection title; brief scope inferred from title,"Older technology, program, policy, and health information may require current verification. Captions and transcripts have not been audited.",2026-10-06
Mastering the Art of Effective Note-taking,APH — American Printing House for the Blind,Video,APH training session focused on Mastering the Art of Effective Note-taking. Consult the recording description for prerequisites and intended audience.,Compensatory access; Recreation and leisure,"Educators, families, and interested learners",https://www.youtube.com/watch?v=mZ9vzPVY87E,APH Access Academy,Yes,Indexed from official collection title; brief scope inferred from title,"Older technology, program, policy, and health information may require current verification. Captions and transcripts have not been audited.",2026-10-06
MATT Connect Hands On,APH — American Printing House for the Blind,Video,APH training session focused on MATT Connect Hands On. Consult the recording description for prerequisites and intended audience.,Assistive technology,"Educators, families, and interested learners",https://www.youtube.com/watch?v=OAuiX40nC0o,APH Access Academy,Yes,Indexed from official collection title; brief scope inferred from title,"Older technology, program, policy, and health information may require current verification. Captions and transcripts have not been audited.",2026-10-06
MATT Connect: A Teacher’s Perspective,APH — American Printing House for the Blind,Video,APH training session focused on MATT Connect: A Teacher’s Perspective. Consult the recording description for prerequisites and intended audience.,Assistive technology,"Educators, families, and interested learners",https://www.youtube.com/watch?v=6Sm2sJGzksU,APH Access Academy,Yes,Indexed from official collection title; brief scope inferred from title,"Older technology, program, policy, and health information may require current verification. Captions and transcripts have not been audited.",2026-10-06
MATT Connect: Advantages of Accessories for In-person and Remote Learning,APH — American Printing House for the Blind,Video,APH training session focused on MATT Connect: Advantages of Accessories for In-person and Remote Learning. Consult the recording description for prerequisites and intended audience.,Assistive technology,"Educators, families, and interested learners",https://www.youtube.com/watch?v=tgiB4YyoURM,APH Access Academy,Yes,Indexed from official collection title; brief scope inferred from title,"Older technology, program, policy, and health information may require current verification. Captions and transcripts have not been audited.",2026-10-06
MATT Connect: Configuring for Classroom Activities,APH — American Printing House for the Blind,Video,APH training session focused on MATT Connect: Configuring for Classroom Activities. Consult the recording description for prerequisites and intended audience.,Assistive technology,"Educators, families, and interested learners",https://www.youtube.com/watch?v=ZEpEw0YitCU,APH Access Academy,Yes,Indexed from official collection title; brief scope inferred from title,"Older technology, program, policy, and health information may require current verification. Captions and transcripts have not been audited.",2026-10-06
MATT Connect: Learning Together When We're Apart,APH — American Printing House for the Blind,Video,APH training session focused on MATT Connect: Learning Together When We're Apart. Consult the recording description for prerequisites and intended audience.,Assistive technology; Recreation and leisure,"Educators, families, and interested learners",https://www.youtube.com/watch?v=9u_oAMQfPJM,APH Access Academy,Yes,Indexed from official collection title; brief scope inferred from title,"Older technology, program, policy, and health information may require current verification. Captions and transcripts have not been audited.",2026-10-06
MATT Connect: Much More than an Electronic Magnifier,APH — American Printing House for the Blind,Video,APH training session focused on MATT Connect: Much More than an Electronic Magnifier. Consult the recording description for prerequisites and intended audience.,Assistive technology,"Educators, families, and interested learners",https://www.youtube.com/watch?v=c4apMB01F-0,APH Access Academy,Yes,Indexed from official collection title; brief scope inferred from title,"Older technology, program, policy, and health information may require current verification. Captions and transcripts have not been audited.",2026-10-06
MATT Connect: Set Up for Back to School,APH — American Printing House for the Blind,Video,APH training session focused on MATT Connect: Set Up for Back to School. Consult the recording description for prerequisites and intended audience.,Assistive technology,"Educators, families, and interested learners",https://www.youtube.com/watch?v=gLRtxxNovfo,APH Access Academy,Yes,Indexed from official collection title; brief scope inferred from title,"Older technology, program, policy, and health information may require current verification. Captions and transcripts have not been audited.",2026-10-06
MATT Connect: Set Up for Back to School,APH — American Printing House for the Blind,Video,APH training session focused on MATT Connect: Set Up for Back to School. Consult the recording description for prerequisites and intended audience.,Assistive technology,"Educators, families, and interested learners",https://www.youtube.com/watch?v=vJInML0nDZ0,APH Access Academy,Yes,Indexed from official collection title; brief scope inferred from title,"Older technology, program, policy, and health information may require current verification. Captions and transcripts have not been audited.",2026-10-06
Me and My Senses,APH — American Printing House for the Blind,Video,Archived ExCEL Academy learning activity focused on Me and My Senses. Adapt participation and materials to the learner’s access needs.,ECC overview,"Learners, families, and educators",https://www.youtube.com/watch?v=pzaGYwS2VZA,APH Virtual ExCEL Academy,Yes,Indexed from official collection title; brief scope inferred from title,"Older technology, program, policy, and health information may require current verification. Captions and transcripts have not been audited.",2026-10-06
Meaningful Image Descriptions for Social Studies Content,APH — American Printing House for the Blind,Video,APH training session focused on Meaningful Image Descriptions for Social Studies Content. Consult the recording description for prerequisites and intended audience.,Compensatory access; Social interaction,"Educators, families, and interested learners",https://www.youtube.com/watch?v=13nv09l36oU,APH Tactile Graphics (BTactile collection),Yes,Indexed from official collection title; brief scope inferred from title,"Older technology, program, policy, and health information may require current verification. Captions and transcripts have not been audited.",2026-10-06
Microsoft Teams with JAWS and Screen Readers: How they can work together,APH — American Printing House for the Blind,Video,APH training session focused on Microsoft Teams with JAWS and Screen Readers: How they can work together. Consult the recording description for prerequisites and intended audience.,Assistive technology,"Educators, families, and interested learners",https://www.youtube.com/watch?v=Q0gO8BjKl2Y,APH Access Academy,Yes,Indexed from official collection title; brief scope inferred from title,"Older technology, program, policy, and health information may require current verification. Captions and transcripts have not been audited.",2026-10-06
Money Management Masters,APH — American Printing House for the Blind,Video,Archived ExCEL Academy learning activity focused on Money Management Masters. Adapt participation and materials to the learner’s access needs.,Independent living,"Learners, families, and educators",https://www.youtube.com/watch?v=qHT_D7EcPSw,APH Virtual ExCEL Academy,Yes,Indexed from official collection title; brief scope inferred from title,"Older technology, program, policy, and health information may require current verification. Captions and transcripts have not been audited.",2026-10-06
Money Masters,APH — American Printing House for the Blind,Video,Archived ExCEL Academy learning activity focused on Money Masters. Adapt participation and materials to the learner’s access needs.,Independent living,"Learners, families, and educators",https://www.youtube.com/watch?v=RP9qjGVIEKE,APH Virtual ExCEL Academy,Yes,Indexed from official collection title; brief scope inferred from title,"Older technology, program, policy, and health information may require current verification. Captions and transcripts have not been audited.",2026-10-06
Money Masters,APH — American Printing House for the Blind,Video,Archived ExCEL Academy learning activity focused on Money Masters. Adapt participation and materials to the learner’s access needs.,Independent living,"Learners, families, and educators",https://www.youtube.com/watch?v=CbXcRQSc80o,APH Virtual ExCEL Academy,Yes,Indexed from official collection title; brief scope inferred from title,"Older technology, program, policy, and health information may require current verification. Captions and transcripts have not been audited.",2026-10-06
Movimiento y diversión con sus niños,APH — American Printing House for the Blind,Video,Archived ExCEL Academy learning activity focused on Movimiento y diversión con sus niños. Adapt participation and materials to the learner’s access needs.,ECC overview,"Learners, families, and educators",https://www.youtube.com/watch?v=VGpweMTA85w,APH Virtual ExCEL Academy,Yes,Indexed from official collection title; brief scope inferred from title,"Older technology, program, policy, and health information may require current verification. Captions and transcripts have not been audited.",2026-10-06
Moving Toward an Accessible Future: Celebrating Global Accessibility Awareness Day,APH — American Printing House for the Blind,Video,APH training session focused on Moving Toward an Accessible Future: Celebrating Global Accessibility Awareness Day. Consult the recording description for prerequisites and intended audience.,ECC overview,"Educators, families, and interested learners",https://www.youtube.com/watch?v=h_n0Mvq2Hgs,APH Access Academy,Yes,Indexed from official collection title; brief scope inferred from title,"Older technology, program, policy, and health information may require current verification. Captions and transcripts have not been audited.",2026-10-06
Multiplication on the Abacus,APH — American Printing House for the Blind,Video,Archived ExCEL Academy learning activity focused on Multiplication on the Abacus. Adapt participation and materials to the learner’s access needs.,Compensatory access,"Learners, families, and educators",https://www.youtube.com/watch?v=mndT35nBG48,APH Virtual ExCEL Academy,Yes,Indexed from official collection title; brief scope inferred from title,"Older technology, program, policy, and health information may require current verification. Captions and transcripts have not been audited.",2026-10-06
Multitasking with Music,APH — American Printing House for the Blind,Video,Archived ExCEL Academy learning activity focused on Multitasking with Music. Adapt participation and materials to the learner’s access needs.,Recreation and leisure,"Learners, families, and educators",https://www.youtube.com/watch?v=ZUUxx2t2E6w,APH Virtual ExCEL Academy,Yes,Indexed from official collection title; brief scope inferred from title,"Older technology, program, policy, and health information may require current verification. Captions and transcripts have not been audited.",2026-10-06
"My Neighborhood, What’s Around Me?",APH — American Printing House for the Blind,Video,"Archived ExCEL Academy learning activity focused on My Neighborhood, What’s Around Me. Adapt participation and materials to the learner’s access needs.",ECC overview,"Learners, families, and educators",https://www.youtube.com/watch?v=sPImLnE6y-U,APH Virtual ExCEL Academy,Yes,Indexed from official collection title; brief scope inferred from title,"Older technology, program, policy, and health information may require current verification. Captions and transcripts have not been audited.",2026-10-06
Navigation of Braille Certification,APH — American Printing House for the Blind,Video,APH training session focused on Navigation of Braille Certification. Consult the recording description for prerequisites and intended audience.,Compensatory access,"Educators, families, and interested learners",https://www.youtube.com/watch?v=CsVwoCcprMY,APH Access Academy,Yes,Indexed from official collection title; brief scope inferred from title,"Older technology, program, policy, and health information may require current verification. Captions and transcripts have not been audited.",2026-10-06
New Accessible Typing Apps from APH,APH — American Printing House for the Blind,Video,APH training session focused on New Accessible Typing Apps from APH. Consult the recording description for prerequisites and intended audience.,Assistive technology,"Educators, families, and interested learners",https://www.youtube.com/watch?v=BpTwwKz3TZ4,APH Access Academy,Yes,Indexed from official collection title; brief scope inferred from title,"Older technology, program, policy, and health information may require current verification. Captions and transcripts have not been audited.",2026-10-06
Nice Threads! Code Jumper Lesson 4 and Core Practices in Computer Science Instruction,APH — American Printing House for the Blind,Video,APH training session focused on Nice Threads! Code Jumper Lesson 4 and Core Practices in Computer Science Instruction. Consult the recording description for prerequisites and intended audience.,Assistive technology,"Educators, families, and interested learners",https://www.youtube.com/watch?v=KZ-Iufqd3a4,APH Access Academy,Yes,Indexed from official collection title; brief scope inferred from title,"Older technology, program, policy, and health information may require current verification. Captions and transcripts have not been audited.",2026-10-06
Offline Coding & Coding Concepts--No Computer Required!,APH — American Printing House for the Blind,Video,Archived ExCEL Academy learning activity focused on Offline Coding & Coding Concepts--No Computer Required!. Adapt participation and materials to the learner’s access needs.,Assistive technology,"Learners, families, and educators",https://www.youtube.com/watch?v=iz1tj84fK10,APH Virtual ExCEL Academy,Yes,Indexed from official collection title; brief scope inferred from title,"Older technology, program, policy, and health information may require current verification. Captions and transcripts have not been audited.",2026-10-06
On the Road to Code 1: CodeQuest,APH — American Printing House for the Blind,Video,APH training session focused on On the Road to Code 1: CodeQuest. Consult the recording description for prerequisites and intended audience.,ECC overview,"Educators, families, and interested learners",https://www.youtube.com/watch?v=QHdS7d6qgQk,APH Access Academy,Yes,Indexed from official collection title; brief scope inferred from title,"Older technology, program, policy, and health information may require current verification. Captions and transcripts have not been audited.",2026-10-06
On the Road to Code 2: Code and Go Mouse,APH — American Printing House for the Blind,Video,APH training session focused on On the Road to Code 2: Code and Go Mouse. Consult the recording description for prerequisites and intended audience.,ECC overview,"Educators, families, and interested learners",https://www.youtube.com/watch?v=szsAYe_RCPo,APH Access Academy,Yes,Indexed from official collection title; brief scope inferred from title,"Older technology, program, policy, and health information may require current verification. Captions and transcripts have not been audited.",2026-10-06
On the Road to Code 3: Code Jumper,APH — American Printing House for the Blind,Video,APH training session focused on On the Road to Code 3: Code Jumper. Consult the recording description for prerequisites and intended audience.,Assistive technology,"Educators, families, and interested learners",https://www.youtube.com/watch?v=jkL3BNgo6U0,APH Access Academy,Yes,Indexed from official collection title; brief scope inferred from title,"Older technology, program, policy, and health information may require current verification. Captions and transcripts have not been audited.",2026-10-06
Outer Space Adventure:  Mobility Skills that Will Get You Out of this World,APH — American Printing House for the Blind,Video,Archived ExCEL Academy learning activity focused on Outer Space Adventure:  Mobility Skills that Will Get You Out of this World. Adapt participation and materials to the learner’s access needs.,Orientation and mobility,"Learners, families, and educators",https://www.youtube.com/watch?v=f79stYjTB4w,APH Virtual ExCEL Academy,Yes,Indexed from official collection title; brief scope inferred from title,"Older technology, program, policy, and health information may require current verification. Captions and transcripts have not been audited.",2026-10-06
Paige Connect: Bringing Traditional Braille Writers into the Digital Age,APH — American Printing House for the Blind,Video,APH training session focused on Paige Connect: Bringing Traditional Braille Writers into the Digital Age. Consult the recording description for prerequisites and intended audience.,Compensatory access,"Educators, families, and interested learners",https://www.youtube.com/watch?v=eEOdnJ9UKvU,APH Access Academy,Yes,Indexed from official collection title; brief scope inferred from title,"Older technology, program, policy, and health information may require current verification. Captions and transcripts have not been audited.",2026-10-06
Passport Through the Seasons: What to Wear and How to Get There,APH — American Printing House for the Blind,Video,Archived ExCEL Academy learning activity focused on Passport Through the Seasons: What to Wear and How to Get There. Adapt participation and materials to the learner’s access needs.,ECC overview,"Learners, families, and educators",https://www.youtube.com/watch?v=ER0OKYWi6WE,APH Virtual ExCEL Academy,Yes,Indexed from official collection title; brief scope inferred from title,"Older technology, program, policy, and health information may require current verification. Captions and transcripts have not been audited.",2026-10-06
Perspectives on Braille Math Codes,APH — American Printing House for the Blind,Video,APH training session focused on Perspectives on Braille Math Codes. Consult the recording description for prerequisites and intended audience.,Compensatory access,"Educators, families, and interested learners",https://www.youtube.com/watch?v=-rIczDXku08,APH Access Academy,Yes,Indexed from official collection title; brief scope inferred from title,"Older technology, program, policy, and health information may require current verification. Captions and transcripts have not been audited.",2026-10-06
"Play, Learn, Braille: A Family’s Guide to Polly",APH — American Printing House for the Blind,Video,"APH training session focused on Play, Learn, Braille: A Family’s Guide to Polly. Consult the recording description for prerequisites and intended audience.",Compensatory access; Recreation and leisure,"Educators, families, and interested learners",https://www.youtube.com/watch?v=319TEMkyVIs,APH Access Academy,Yes,Indexed from official collection title; brief scope inferred from title,"Older technology, program, policy, and health information may require current verification. Captions and transcripts have not been audited.",2026-10-06
Playing with Patterns,APH — American Printing House for the Blind,Video,Archived ExCEL Academy learning activity focused on Playing with Patterns. Adapt participation and materials to the learner’s access needs.,Recreation and leisure,"Learners, families, and educators",https://www.youtube.com/watch?v=OEsVuGfwEAs,APH Virtual ExCEL Academy,Yes,Indexed from official collection title; brief scope inferred from title,"Older technology, program, policy, and health information may require current verification. Captions and transcripts have not been audited.",2026-10-06
Polly: Learning Braille has Never Been More Fun!,APH — American Printing House for the Blind,Video,APH training session focused on Polly: Learning Braille has Never Been More Fun!. Consult the recording description for prerequisites and intended audience.,Compensatory access,"Educators, families, and interested learners",https://www.youtube.com/watch?v=Jv_vw4xG4OI,APH Access Academy,Yes,Indexed from official collection title; brief scope inferred from title,"Older technology, program, policy, and health information may require current verification. Captions and transcripts have not been audited.",2026-10-06
Power Charge your PowerPoint with ZoomText,APH — American Printing House for the Blind,Video,APH training session focused on Power Charge your PowerPoint with ZoomText. Consult the recording description for prerequisites and intended audience.,Assistive technology,"Educators, families, and interested learners",https://www.youtube.com/watch?v=DpHv76Yt9QM,APH Access Academy,Yes,Indexed from official collection title; brief scope inferred from title,"Older technology, program, policy, and health information may require current verification. Captions and transcripts have not been audited.",2026-10-06
Prevent Document Frustration: JAWS and PDFs,APH — American Printing House for the Blind,Video,APH training session focused on Prevent Document Frustration: JAWS and PDFs. Consult the recording description for prerequisites and intended audience.,Assistive technology,"Educators, families, and interested learners",https://www.youtube.com/watch?v=dTiiS5jZIzo,APH Access Academy,Yes,Indexed from official collection title; brief scope inferred from title,"Older technology, program, policy, and health information may require current verification. Captions and transcripts have not been audited.",2026-10-06
Quick Tip: Color-By-Texture Circus Coloring Pages,APH — American Printing House for the Blind,Video,APH training session focused on Quick Tip: Color-By-Texture Circus Coloring Pages. Consult the recording description for prerequisites and intended audience.,ECC overview,"Educators, families, and interested learners",https://www.youtube.com/watch?v=r0ClwiIwBTI,APH Tactile Graphics (BTactile collection),Yes,Indexed from official collection title; brief scope inferred from title,"Older technology, program, policy, and health information may require current verification. Captions and transcripts have not been audited.",2026-10-06
Reading Connections and Writing Companions,APH — American Printing House for the Blind,Video,Archived ExCEL Academy learning activity focused on Reading Connections and Writing Companions. Adapt participation and materials to the learner’s access needs.,Compensatory access,"Learners, families, and educators",https://www.youtube.com/watch?v=KK1I6a2PNIk,APH Virtual ExCEL Academy,Yes,Indexed from official collection title; brief scope inferred from title,"Older technology, program, policy, and health information may require current verification. Captions and transcripts have not been audited.",2026-10-06
Recipes and Ooblek!,APH — American Printing House for the Blind,Video,Archived ExCEL Academy learning activity focused on Recipes and Ooblek!. Adapt participation and materials to the learner’s access needs.,ECC overview,"Learners, families, and educators",https://www.youtube.com/watch?v=8uqed6su_P8,APH Virtual ExCEL Academy,Yes,Indexed from official collection title; brief scope inferred from title,"Older technology, program, policy, and health information may require current verification. Captions and transcripts have not been audited.",2026-10-06
Recreation and Leisure   Make the Most of Your Summer,APH — American Printing House for the Blind,Video,Archived ExCEL Academy learning activity focused on Recreation and Leisure   Make the Most of Your Summer. Adapt participation and materials to the learner’s access needs.,Recreation and leisure,"Learners, families, and educators",https://www.youtube.com/watch?v=e6GQ8JO5o2s,APH Virtual ExCEL Academy,Yes,Indexed from official collection title; brief scope inferred from title,"Older technology, program, policy, and health information may require current verification. Captions and transcripts have not been audited.",2026-10-06
"Recreation and Leisure, looking past the IEP",APH — American Printing House for the Blind,Video,"Archived ExCEL Academy learning activity focused on Recreation and Leisure, looking past the IEP. Adapt participation and materials to the learner’s access needs.",Self-determination; Recreation and leisure,"Learners, families, and educators",https://www.youtube.com/watch?v=3hkBmbDoXdk,APH Virtual ExCEL Academy,Yes,Indexed from official collection title; brief scope inferred from title,"Older technology, program, policy, and health information may require current verification. Captions and transcripts have not been audited.",2026-10-06
Recreation and Leisure; Finding your hobby,APH — American Printing House for the Blind,Video,Archived ExCEL Academy learning activity focused on Recreation and Leisure; Finding your hobby. Adapt participation and materials to the learner’s access needs.,Recreation and leisure,"Learners, families, and educators",https://www.youtube.com/watch?v=PE9FoL1jHGs,APH Virtual ExCEL Academy,Yes,Indexed from official collection title; brief scope inferred from title,"Older technology, program, policy, and health information may require current verification. Captions and transcripts have not been audited.",2026-10-06
Roll the Dice: Selection and Random with Code Jumper,APH — American Printing House for the Blind,Video,APH training session focused on Roll the Dice: Selection and Random with Code Jumper. Consult the recording description for prerequisites and intended audience.,Assistive technology,"Educators, families, and interested learners",https://www.youtube.com/watch?v=7mtkGeS28qw,APH Access Academy,Yes,Indexed from official collection title; brief scope inferred from title,"Older technology, program, policy, and health information may require current verification. Captions and transcripts have not been audited.",2026-10-06
Room to Grow: Progressing a Student Through MATT Connect’s Interfaces,APH — American Printing House for the Blind,Video,APH training session focused on Room to Grow: Progressing a Student Through MATT Connect’s Interfaces. Consult the recording description for prerequisites and intended audience.,Assistive technology,"Educators, families, and interested learners",https://www.youtube.com/watch?v=yrTtCa-0PmI,APH Access Academy,Yes,Indexed from official collection title; brief scope inferred from title,"Older technology, program, policy, and health information may require current verification. Captions and transcripts have not been audited.",2026-10-06
"Routines Based Instruction, Collaboration in the School and Home Settings",APH — American Printing House for the Blind,Video,"APH training session focused on Routines Based Instruction, Collaboration in the School and Home Settings. Consult the recording description for prerequisites and intended audience.",Independent living,"Educators, families, and interested learners",https://www.youtube.com/watch?v=6L4iS5e3-RA,APH Access Academy,Yes,Indexed from official collection title; brief scope inferred from title,"Older technology, program, policy, and health information may require current verification. Captions and transcripts have not been audited.",2026-10-06
Screen Readers: The 3 Methods of Navigation,APH — American Printing House for the Blind,Video,Archived ExCEL Academy learning activity focused on Screen Readers: The 3 Methods of Navigation. Adapt participation and materials to the learner’s access needs.,ECC overview,"Learners, families, and educators",https://www.youtube.com/watch?v=U5XzBiPwDks,APH Virtual ExCEL Academy,Yes,Indexed from official collection title; brief scope inferred from title,"Older technology, program, policy, and health information may require current verification. Captions and transcripts have not been audited.",2026-10-06
Seasonal Awareness through Sensory Efficiency,APH — American Printing House for the Blind,Video,Archived ExCEL Academy learning activity focused on Seasonal Awareness through Sensory Efficiency. Adapt participation and materials to the learner’s access needs.,Sensory efficiency,"Learners, families, and educators",https://www.youtube.com/watch?v=b6JDJY1W3rk,APH Virtual ExCEL Academy,Yes,Indexed from official collection title; brief scope inferred from title,"Older technology, program, policy, and health information may require current verification. Captions and transcripts have not been audited.",2026-10-06
See the Spectrum of APH Low Vision Products from Vispero,APH — American Printing House for the Blind,Video,APH training session focused on See the Spectrum of APH Low Vision Products from Vispero. Consult the recording description for prerequisites and intended audience.,Sensory efficiency,"Educators, families, and interested learners",https://www.youtube.com/watch?v=M53R69DIasI,APH Access Academy,Yes,Indexed from official collection title; brief scope inferred from title,"Older technology, program, policy, and health information may require current verification. Captions and transcripts have not been audited.",2026-10-06
Show and Tell About Ourselves,APH — American Printing House for the Blind,Video,Archived ExCEL Academy learning activity focused on Show and Tell About Ourselves. Adapt participation and materials to the learner’s access needs.,ECC overview,"Learners, families, and educators",https://www.youtube.com/watch?v=fwF_63IUOig,APH Virtual ExCEL Academy,Yes,Indexed from official collection title; brief scope inferred from title,"Older technology, program, policy, and health information may require current verification. Captions and transcripts have not been audited.",2026-10-06
Singing 101,APH — American Printing House for the Blind,Video,Archived ExCEL Academy learning activity focused on Singing 101. Adapt participation and materials to the learner’s access needs.,ECC overview,"Learners, families, and educators",https://www.youtube.com/watch?v=Pjy-88WveLc,APH Virtual ExCEL Academy,Yes,Indexed from official collection title; brief scope inferred from title,"Older technology, program, policy, and health information may require current verification. Captions and transcripts have not been audited.",2026-10-06
Skills for High School Success: Part 1,APH — American Printing House for the Blind,Video,Archived ExCEL Academy learning activity focused on Skills for High School Success: Part 1. Adapt participation and materials to the learner’s access needs.,Recreation and leisure,"Learners, families, and educators",https://www.youtube.com/watch?v=86qz_pQbmTs,APH Virtual ExCEL Academy,Yes,Indexed from official collection title; brief scope inferred from title,"Older technology, program, policy, and health information may require current verification. Captions and transcripts have not been audited.",2026-10-06
Skills for High School Success: Part 2,APH — American Printing House for the Blind,Video,Archived ExCEL Academy learning activity focused on Skills for High School Success: Part 2. Adapt participation and materials to the learner’s access needs.,Recreation and leisure,"Learners, families, and educators",https://www.youtube.com/watch?v=OoVeiZ4Ns2o,APH Virtual ExCEL Academy,Yes,Indexed from official collection title; brief scope inferred from title,"Older technology, program, policy, and health information may require current verification. Captions and transcripts have not been audited.",2026-10-06
Skills for High School Success: Part 3,APH — American Printing House for the Blind,Video,Archived ExCEL Academy learning activity focused on Skills for High School Success: Part 3. Adapt participation and materials to the learner’s access needs.,Recreation and leisure,"Learners, families, and educators",https://www.youtube.com/watch?v=oLbmMwnpe38,APH Virtual ExCEL Academy,Yes,Indexed from official collection title; brief scope inferred from title,"Older technology, program, policy, and health information may require current verification. Captions and transcripts have not been audited.",2026-10-06
Slate and Stylus 101,APH — American Printing House for the Blind,Video,APH training session focused on Slate and Stylus 101. Consult the recording description for prerequisites and intended audience.,Compensatory access,"Educators, families, and interested learners",https://www.youtube.com/watch?v=n2u60ai97HY,APH Access Academy,Yes,Indexed from official collection title; brief scope inferred from title,"Older technology, program, policy, and health information may require current verification. Captions and transcripts have not been audited.",2026-10-06
"Snowmen At Night: An Accessible, Multi-Sensory Story Time",APH — American Printing House for the Blind,Video,"Archived ExCEL Academy learning activity focused on Snowmen At Night: An Accessible, Multi-Sensory Story Time. Adapt participation and materials to the learner’s access needs.",Sensory efficiency,"Learners, families, and educators",https://www.youtube.com/watch?v=IpChx-t0rOE,APH Virtual ExCEL Academy,Yes,Indexed from official collection title; brief scope inferred from title,"Older technology, program, policy, and health information may require current verification. Captions and transcripts have not been audited.",2026-10-06
Spooktacular Apps: Apps for All Ages from APH,APH — American Printing House for the Blind,Video,APH training session focused on Spooktacular Apps: Apps for All Ages from APH. Consult the recording description for prerequisites and intended audience.,Assistive technology,"Educators, families, and interested learners",https://www.youtube.com/watch?v=cZ5BPCBxwDE,APH Access Academy,Yes,Indexed from official collection title; brief scope inferred from title,"Older technology, program, policy, and health information may require current verification. Captions and transcripts have not been audited.",2026-10-06
Staying Home: How to Communicate and Act on Our Wants and Needs with Everyone at Home,APH — American Printing House for the Blind,Video,Archived ExCEL Academy learning activity focused on Staying Home: How to Communicate and Act on Our Wants and Needs with Everyone at Home. Adapt participation and materials to the learner’s access needs.,Independent living; Social interaction,"Learners, families, and educators",https://www.youtube.com/watch?v=CDf-ClYg8Yo,APH Virtual ExCEL Academy,Yes,Indexed from official collection title; brief scope inferred from title,"Older technology, program, policy, and health information may require current verification. Captions and transcripts have not been audited.",2026-10-06
Staying Home: Making Connections in the Face of Social Distancing with No or Limited Vision,APH — American Printing House for the Blind,Video,Archived ExCEL Academy learning activity focused on Staying Home: Making Connections in the Face of Social Distancing with No or Limited Vision. Adapt participation and materials to the learner’s access needs.,Independent living; Social interaction; Sensory efficiency,"Learners, families, and educators",https://www.youtube.com/watch?v=BEauTbO3aN4,APH Virtual ExCEL Academy,Yes,Indexed from official collection title; brief scope inferred from title,"Older technology, program, policy, and health information may require current verification. Captions and transcripts have not been audited.",2026-10-06
Staying Home: Processing Our Feelings During Uncertain Times,APH — American Printing House for the Blind,Video,Archived ExCEL Academy learning activity focused on Staying Home: Processing Our Feelings During Uncertain Times. Adapt participation and materials to the learner’s access needs.,Independent living,"Learners, families, and educators",https://www.youtube.com/watch?v=izV-REu7L2Y,APH Virtual ExCEL Academy,Yes,Indexed from official collection title; brief scope inferred from title,"Older technology, program, policy, and health information may require current verification. Captions and transcripts have not been audited.",2026-10-06
Storytelling Through Music!,APH — American Printing House for the Blind,Video,Archived ExCEL Academy learning activity focused on Storytelling Through Music!. Adapt participation and materials to the learner’s access needs.,Recreation and leisure,"Learners, families, and educators",https://www.youtube.com/watch?v=FNCsH6XvP2A,APH Virtual ExCEL Academy,Yes,Indexed from official collection title; brief scope inferred from title,"Older technology, program, policy, and health information may require current verification. Captions and transcripts have not been audited.",2026-10-06
Strategies and Resources for the Instruction and Evaluation of Tactile Graphicacy Skills,APH — American Printing House for the Blind,Video,APH training session focused on Strategies and Resources for the Instruction and Evaluation of Tactile Graphicacy Skills. Consult the recording description for prerequisites and intended audience.,Compensatory access,"Educators, families, and interested learners",https://www.youtube.com/watch?v=qVZx3ptoroU,APH Access Academy,Yes,Indexed from official collection title; brief scope inferred from title,"Older technology, program, policy, and health information may require current verification. Captions and transcripts have not been audited.",2026-10-06
Strategies for Literacy Achievement,APH — American Printing House for the Blind,Video,APH training session focused on Strategies for Literacy Achievement. Consult the recording description for prerequisites and intended audience.,Compensatory access,"Educators, families, and interested learners",https://www.youtube.com/watch?v=U9An-w65ZiM,APH Access Academy,Yes,Indexed from official collection title; brief scope inferred from title,"Older technology, program, policy, and health information may require current verification. Captions and transcripts have not been audited.",2026-10-06
"Supporting Braille Literacy with Braille Brain: Advanced, Technical and Application",APH — American Printing House for the Blind,Video,"APH training session focused on Supporting Braille Literacy with Braille Brain: Advanced, Technical and Application. Consult the recording description for prerequisites and intended audience.",Assistive technology; Compensatory access,"Educators, families, and interested learners",https://www.youtube.com/watch?v=e27QgyR9xQs,APH Access Academy,Yes,Indexed from official collection title; brief scope inferred from title,"Older technology, program, policy, and health information may require current verification. Captions and transcripts have not been audited.",2026-10-06
Tactile Book Builder Kit: How to Host an After Hour Make and Take,APH — American Printing House for the Blind,Video,APH training session focused on Tactile Book Builder Kit: How to Host an After Hour Make and Take. Consult the recording description for prerequisites and intended audience.,Compensatory access,"Educators, families, and interested learners",https://www.youtube.com/watch?v=mN5kP6MqKJY,APH Access Academy,Yes,Indexed from official collection title; brief scope inferred from title,"Older technology, program, policy, and health information may require current verification. Captions and transcripts have not been audited.",2026-10-06
Take a Note! Updates to the Reading & Math Tools on the MATT Connect,APH — American Printing House for the Blind,Video,APH training session focused on Take a Note! Updates to the Reading & Math Tools on the MATT Connect. Consult the recording description for prerequisites and intended audience.,Assistive technology; Compensatory access,"Educators, families, and interested learners",https://www.youtube.com/watch?v=RZvoC8QPd5Y,APH Access Academy,Yes,Indexed from official collection title; brief scope inferred from title,"Older technology, program, policy, and health information may require current verification. Captions and transcripts have not been audited.",2026-10-06
"Taking Responsibility for our Environment: Reduce, Reuse, Recycle",APH — American Printing House for the Blind,Video,"Archived ExCEL Academy learning activity focused on Taking Responsibility for our Environment: Reduce, Reuse, Recycle. Adapt participation and materials to the learner’s access needs.",ECC overview,"Learners, families, and educators",https://www.youtube.com/watch?v=lJp8UVwU7Tw,APH Virtual ExCEL Academy,Yes,Indexed from official collection title; brief scope inferred from title,"Older technology, program, policy, and health information may require current verification. Captions and transcripts have not been audited.",2026-10-06
Taking The Tracks To Independence,APH — American Printing House for the Blind,Video,Archived ExCEL Academy learning activity focused on Taking The Tracks To Independence. Adapt participation and materials to the learner’s access needs.,ECC overview,"Learners, families, and educators",https://www.youtube.com/watch?v=jqy_z5xFhiw,APH Virtual ExCEL Academy,Yes,Indexed from official collection title; brief scope inferred from title,"Older technology, program, policy, and health information may require current verification. Captions and transcripts have not been audited.",2026-10-06
Teaching Reading and Writing Using Building on Patterns,APH — American Printing House for the Blind,Video,APH training session focused on Teaching Reading and Writing Using Building on Patterns. Consult the recording description for prerequisites and intended audience.,Compensatory access,"Educators, families, and interested learners",https://www.youtube.com/watch?v=e-JFcZP_668,APH Access Academy,Yes,Indexed from official collection title; brief scope inferred from title,"Older technology, program, policy, and health information may require current verification. Captions and transcripts have not been audited.",2026-10-06
Teaching With Songs and Games,APH — American Printing House for the Blind,Video,Archived ExCEL Academy learning activity focused on Teaching With Songs and Games. Adapt participation and materials to the learner’s access needs.,Recreation and leisure,"Learners, families, and educators",https://www.youtube.com/watch?v=nep82fLJUzg,APH Virtual ExCEL Academy,Yes,Indexed from official collection title; brief scope inferred from title,"Older technology, program, policy, and health information may require current verification. Captions and transcripts have not been audited.",2026-10-06
The Communication Continuum,APH — American Printing House for the Blind,Video,APH training session focused on The Communication Continuum. Consult the recording description for prerequisites and intended audience.,Compensatory access; Social interaction,"Educators, families, and interested learners",https://www.youtube.com/watch?v=kCRZM0WlFh0,APH Access Academy,Yes,Indexed from official collection title; brief scope inferred from title,"Older technology, program, policy, and health information may require current verification. Captions and transcripts have not been audited.",2026-10-06
The Most Magnificent Thing – Developing a growth mindset,APH — American Printing House for the Blind,Video,Archived ExCEL Academy learning activity focused on The Most Magnificent Thing – Developing a growth mindset. Adapt participation and materials to the learner’s access needs.,ECC overview,"Learners, families, and educators",https://www.youtube.com/watch?v=5sOOiEJlFkQ,APH Virtual ExCEL Academy,Yes,Indexed from official collection title; brief scope inferred from title,"Older technology, program, policy, and health information may require current verification. Captions and transcripts have not been audited.",2026-10-06
The Road Ahead: Career Readiness for Elementary Students,APH — American Printing House for the Blind,Video,APH training session focused on The Road Ahead: Career Readiness for Elementary Students. Consult the recording description for prerequisites and intended audience.,Career education,"Educators, families, and interested learners",https://www.youtube.com/watch?v=Co4Kg4Unqjs,APH Access Academy,Yes,Indexed from official collection title; brief scope inferred from title,"Older technology, program, policy, and health information may require current verification. Captions and transcripts have not been audited.",2026-10-06
The Road Ahead: Career Readiness for Middle School Students,APH — American Printing House for the Blind,Video,APH training session focused on The Road Ahead: Career Readiness for Middle School Students. Consult the recording description for prerequisites and intended audience.,Career education,"Educators, families, and interested learners",https://www.youtube.com/watch?v=mO6cUZziEJQ,APH Access Academy,Yes,Indexed from official collection title; brief scope inferred from title,"Older technology, program, policy, and health information may require current verification. Captions and transcripts have not been audited.",2026-10-06
The Three Knows of Conversations,APH — American Printing House for the Blind,Video,Archived ExCEL Academy learning activity focused on The Three Knows of Conversations. Adapt participation and materials to the learner’s access needs.,Social interaction,"Learners, families, and educators",https://www.youtube.com/watch?v=2-f8dDIg3zY,APH Virtual ExCEL Academy,Yes,Indexed from official collection title; brief scope inferred from title,"Older technology, program, policy, and health information may require current verification. Captions and transcripts have not been audited.",2026-10-06
"Three Determined Students: Laura Bridgman, Anne Sullivan, and Helen Keller",APH — American Printing House for the Blind,Video,"Archived ExCEL Academy learning activity focused on Three Determined Students: Laura Bridgman, Anne Sullivan, and Helen Keller. Adapt participation and materials to the learner’s access needs.",ECC overview,"Learners, families, and educators",https://www.youtube.com/watch?v=6zsXsLqrn68,APH Virtual ExCEL Academy,Yes,Indexed from official collection title; brief scope inferred from title,"Older technology, program, policy, and health information may require current verification. Captions and transcripts have not been audited.",2026-10-06
Time for Tots,APH — American Printing House for the Blind,Video,Archived ExCEL Academy learning activity focused on Time for Tots. Adapt participation and materials to the learner’s access needs.,ECC overview,"Learners, families, and educators",https://www.youtube.com/watch?v=T8dyFxf1MrA,APH Virtual ExCEL Academy,Yes,Indexed from official collection title; brief scope inferred from title,"Older technology, program, policy, and health information may require current verification. Captions and transcripts have not been audited.",2026-10-06
Time for Tots 2,APH — American Printing House for the Blind,Video,Archived ExCEL Academy learning activity focused on Time for Tots 2. Adapt participation and materials to the learner’s access needs.,ECC overview,"Learners, families, and educators",https://www.youtube.com/watch?v=6glgjc4YLNo,APH Virtual ExCEL Academy,Yes,Indexed from official collection title; brief scope inferred from title,"Older technology, program, policy, and health information may require current verification. Captions and transcripts have not been audited.",2026-10-06
Training the Trainer: Where to start when teaching JAWS,APH — American Printing House for the Blind,Video,APH training session focused on Training the Trainer: Where to start when teaching JAWS. Consult the recording description for prerequisites and intended audience.,Assistive technology; Recreation and leisure,"Educators, families, and interested learners",https://www.youtube.com/watch?v=jYfrv6SlnSA,APH Access Academy,Yes,Indexed from official collection title; brief scope inferred from title,"Older technology, program, policy, and health information may require current verification. Captions and transcripts have not been audited.",2026-10-06
Trip up or Step Up with Conversational Social Cues,APH — American Printing House for the Blind,Video,Archived ExCEL Academy learning activity focused on Trip up or Step Up with Conversational Social Cues. Adapt participation and materials to the learner’s access needs.,Social interaction,"Learners, families, and educators",https://www.youtube.com/watch?v=Vf2AVPZZVCo,APH Virtual ExCEL Academy,Yes,Indexed from official collection title; brief scope inferred from title,"Older technology, program, policy, and health information may require current verification. Captions and transcripts have not been audited.",2026-10-06
Triple Threat: JAWS + ZoomText = Fusion,APH — American Printing House for the Blind,Video,APH training session focused on Triple Threat: JAWS + ZoomText = Fusion. Consult the recording description for prerequisites and intended audience.,Assistive technology,"Educators, families, and interested learners",https://www.youtube.com/watch?v=BPdhC4r-IXM,APH Access Academy,Yes,Indexed from official collection title; brief scope inferred from title,"Older technology, program, policy, and health information may require current verification. Captions and transcripts have not been audited.",2026-10-06
UEB Math Science: Frozen Juice Concentrate,APH — American Printing House for the Blind,Video,APH training session focused on UEB Math Science: Frozen Juice Concentrate. Consult the recording description for prerequisites and intended audience.,Compensatory access,"Educators, families, and interested learners",https://www.youtube.com/watch?v=tMUY5vLmGp0,APH Access Academy,Yes,Indexed from official collection title; brief scope inferred from title,"Older technology, program, policy, and health information may require current verification. Captions and transcripts have not been audited.",2026-10-06
UEB with Nemeth: Bouillon Cubes,APH — American Printing House for the Blind,Video,APH training session focused on UEB with Nemeth: Bouillon Cubes. Consult the recording description for prerequisites and intended audience.,Compensatory access,"Educators, families, and interested learners",https://www.youtube.com/watch?v=_UTfhD_DEM8,APH Access Academy,Yes,Indexed from official collection title; brief scope inferred from title,"Older technology, program, policy, and health information may require current verification. Captions and transcripts have not been audited.",2026-10-06
Unbox Your Code Jumper:  Out-of-the-Box Ideas for Getting Started with STEM,APH — American Printing House for the Blind,Video,APH training session focused on Unbox Your Code Jumper:  Out-of-the-Box Ideas for Getting Started with STEM. Consult the recording description for prerequisites and intended audience.,Assistive technology; Recreation and leisure,"Educators, families, and interested learners",https://www.youtube.com/watch?v=GjNSTRLA9ig,APH Access Academy,Yes,Indexed from official collection title; brief scope inferred from title,"Older technology, program, policy, and health information may require current verification. Captions and transcripts have not been audited.",2026-10-06
Understanding my Breath,APH — American Printing House for the Blind,Video,Archived ExCEL Academy learning activity focused on Understanding my Breath. Adapt participation and materials to the learner’s access needs.,ECC overview,"Learners, families, and educators",https://www.youtube.com/watch?v=K4D7tOCxM-Y,APH Virtual ExCEL Academy,Yes,Indexed from official collection title; brief scope inferred from title,"Older technology, program, policy, and health information may require current verification. Captions and transcripts have not been audited.",2026-10-06
Understanding my Breath,APH — American Printing House for the Blind,Video,Archived ExCEL Academy learning activity focused on Understanding my Breath. Adapt participation and materials to the learner’s access needs.,ECC overview,"Learners, families, and educators",https://www.youtube.com/watch?v=_riPgdNgxsQ,APH Virtual ExCEL Academy,Yes,Indexed from official collection title; brief scope inferred from title,"Older technology, program, policy, and health information may require current verification. Captions and transcripts have not been audited.",2026-10-06
Up in the Clouds with Google Drive and JAWS,APH — American Printing House for the Blind,Video,APH training session focused on Up in the Clouds with Google Drive and JAWS. Consult the recording description for prerequisites and intended audience.,Assistive technology,"Educators, families, and interested learners",https://www.youtube.com/watch?v=rcEBeAu6p2w,APH Access Academy,Yes,Indexed from official collection title; brief scope inferred from title,"Older technology, program, policy, and health information may require current verification. Captions and transcripts have not been audited.",2026-10-06
"Up, Up, and Away   Again",APH — American Printing House for the Blind,Video,"Archived ExCEL Academy learning activity focused on Up, Up, and Away   Again. Adapt participation and materials to the learner’s access needs.",ECC overview,"Learners, families, and educators",https://www.youtube.com/watch?v=Eb0OIYxjHHY,APH Virtual ExCEL Academy,Yes,Indexed from official collection title; brief scope inferred from title,"Older technology, program, policy, and health information may require current verification. Captions and transcripts have not been audited.",2026-10-06
"Up, Up, and Away!",APH — American Printing House for the Blind,Video,"Archived ExCEL Academy learning activity focused on Up, Up, and Away!. Adapt participation and materials to the learner’s access needs.",ECC overview,"Learners, families, and educators",https://www.youtube.com/watch?v=HMz8yxIyqqg,APH Virtual ExCEL Academy,Yes,Indexed from official collection title; brief scope inferred from title,"Older technology, program, policy, and health information may require current verification. Captions and transcripts have not been audited.",2026-10-06
Update Your Slide Guide: JAWS and PowerPoint,APH — American Printing House for the Blind,Video,APH training session focused on Update Your Slide Guide: JAWS and PowerPoint. Consult the recording description for prerequisites and intended audience.,Assistive technology,"Educators, families, and interested learners",https://www.youtube.com/watch?v=LWgbkw_zXyM,APH Access Academy,Yes,Indexed from official collection title; brief scope inferred from title,"Older technology, program, policy, and health information may require current verification. Captions and transcripts have not been audited.",2026-10-06
Using a Mac with VoiceOver: Getting Started!,APH — American Printing House for the Blind,Video,Archived ExCEL Academy learning activity focused on Using a Mac with VoiceOver: Getting Started!. Adapt participation and materials to the learner’s access needs.,Recreation and leisure,"Learners, families, and educators",https://www.youtube.com/watch?v=dA0n7po00-0,APH Virtual ExCEL Academy,Yes,Indexed from official collection title; brief scope inferred from title,"Older technology, program, policy, and health information may require current verification. Captions and transcripts have not been audited.",2026-10-06
Using a Team Approach in Evaluating Students w/ Visual Impairments Using  WJ-IV Braille Adaptation,APH — American Printing House for the Blind,Video,APH training session focused on Using a Team Approach in Evaluating Students w/ Visual Impairments Using  WJ-IV Braille Adaptation. Consult the recording description for prerequisites and intended audience.,Assistive technology; Compensatory access,"Educators, families, and interested learners",https://www.youtube.com/watch?v=2dmzF6hPwbM,APH Access Academy,Yes,Indexed from official collection title; brief scope inferred from title,"Older technology, program, policy, and health information may require current verification. Captions and transcripts have not been audited.",2026-10-06
Using Accessible Media with Students who are Blind or Low Vision,APH — American Printing House for the Blind,Video,APH training session focused on Using Accessible Media with Students who are Blind or Low Vision. Consult the recording description for prerequisites and intended audience.,Compensatory access; Sensory efficiency,"Educators, families, and interested learners",https://www.youtube.com/watch?v=m4cm0tlH2HE,APH Access Academy,Yes,Indexed from official collection title; brief scope inferred from title,"Older technology, program, policy, and health information may require current verification. Captions and transcripts have not been audited.",2026-10-06
Using Blocker Cars,APH — American Printing House for the Blind,Video,Archived ExCEL Academy learning activity focused on Using Blocker Cars. Adapt participation and materials to the learner’s access needs.,ECC overview,"Learners, families, and educators",https://www.youtube.com/watch?v=ozm_m1UG_48,APH Virtual ExCEL Academy,Yes,Indexed from official collection title; brief scope inferred from title,"Older technology, program, policy, and health information may require current verification. Captions and transcripts have not been audited.",2026-10-06
Using MATT Connect for Distant Classroom Activities,APH — American Printing House for the Blind,Video,APH training session focused on Using MATT Connect for Distant Classroom Activities. Consult the recording description for prerequisites and intended audience.,Assistive technology,"Educators, families, and interested learners",https://www.youtube.com/watch?v=fKJV5TRQuB0,APH Access Academy,Yes,Indexed from official collection title; brief scope inferred from title,"Older technology, program, policy, and health information may require current verification. Captions and transcripts have not been audited.",2026-10-06
Using PowerPoint with JAWS,APH — American Printing House for the Blind,Video,APH training session focused on Using PowerPoint with JAWS. Consult the recording description for prerequisites and intended audience.,Assistive technology,"Educators, families, and interested learners",https://www.youtube.com/watch?v=GK9dO-kVYJE,APH Access Academy,Yes,Indexed from official collection title; brief scope inferred from title,"Older technology, program, policy, and health information may require current verification. Captions and transcripts have not been audited.",2026-10-06
Using Public Transportation as a blind person - 101,APH — American Printing House for the Blind,Video,Archived ExCEL Academy learning activity focused on Using Public Transportation as a blind person - 101. Adapt participation and materials to the learner’s access needs.,Orientation and mobility,"Learners, families, and educators",https://www.youtube.com/watch?v=8iR5y3uN-qU,APH Virtual ExCEL Academy,Yes,Indexed from official collection title; brief scope inferred from title,"Older technology, program, policy, and health information may require current verification. Captions and transcripts have not been audited.",2026-10-06
Using Public Transportation as a blind person - 101,APH — American Printing House for the Blind,Video,Archived ExCEL Academy learning activity focused on Using Public Transportation as a blind person - 101. Adapt participation and materials to the learner’s access needs.,Orientation and mobility,"Learners, families, and educators",https://www.youtube.com/watch?v=5CszHZCPgMo,APH Virtual ExCEL Academy,Yes,Indexed from official collection title; brief scope inferred from title,"Older technology, program, policy, and health information may require current verification. Captions and transcripts have not been audited.",2026-10-06
Using Reach and Match to Engage and Educate all Children,APH — American Printing House for the Blind,Video,APH training session focused on Using Reach and Match to Engage and Educate all Children. Consult the recording description for prerequisites and intended audience.,ECC overview,"Educators, families, and interested learners",https://www.youtube.com/watch?v=_YEON_TL18U,APH Access Academy,Yes,Indexed from official collection title; brief scope inferred from title,"Older technology, program, policy, and health information may require current verification. Captions and transcripts have not been audited.",2026-10-06
Valentine’s Day Pop-up Card,APH — American Printing House for the Blind,Video,Archived ExCEL Academy learning activity focused on Valentine’s Day Pop-up Card. Adapt participation and materials to the learner’s access needs.,ECC overview,"Learners, families, and educators",https://www.youtube.com/watch?v=31pVjVePDFk,APH Virtual ExCEL Academy,Yes,Indexed from official collection title; brief scope inferred from title,"Older technology, program, policy, and health information may require current verification. Captions and transcripts have not been audited.",2026-10-06
Vincent Van Gogh’s Sunflowers,APH — American Printing House for the Blind,Video,Archived ExCEL Academy learning activity focused on Vincent Van Gogh’s Sunflowers. Adapt participation and materials to the learner’s access needs.,ECC overview,"Learners, families, and educators",https://www.youtube.com/watch?v=O-v10Z93E-Q,APH Virtual ExCEL Academy,Yes,Indexed from official collection title; brief scope inferred from title,"Older technology, program, policy, and health information may require current verification. Captions and transcripts have not been audited.",2026-10-06
Virtual ExCEL (en español) -  Ir de compras al Supermercado,APH — American Printing House for the Blind,Video,Archived ExCEL Academy learning activity focused on Virtual ExCEL (en español) -  Ir de compras al Supermercado. Adapt participation and materials to the learner’s access needs.,ECC overview,"Learners, families, and educators",https://www.youtube.com/watch?v=4mop2RiCJlA,APH Virtual ExCEL Academy,Yes,Indexed from official collection title; brief scope inferred from title,"Older technology, program, policy, and health information may require current verification. Captions and transcripts have not been audited.",2026-10-06
Virtual ExCEL (en español) - Ir de compras al Supermercado,APH — American Printing House for the Blind,Video,Archived ExCEL Academy learning activity focused on Virtual ExCEL (en español) - Ir de compras al Supermercado. Adapt participation and materials to the learner’s access needs.,ECC overview,"Learners, families, and educators",https://www.youtube.com/watch?v=yHs4M-mwzkE,APH Virtual ExCEL Academy,Yes,Indexed from official collection title; brief scope inferred from title,"Older technology, program, policy, and health information may require current verification. Captions and transcripts have not been audited.",2026-10-06
Virtual ExCEL (en español) - Ir de compras al Supermercado,APH — American Printing House for the Blind,Video,Archived ExCEL Academy learning activity focused on Virtual ExCEL (en español) - Ir de compras al Supermercado. Adapt participation and materials to the learner’s access needs.,ECC overview,"Learners, families, and educators",https://www.youtube.com/watch?v=ZSXicauM5nM,APH Virtual ExCEL Academy,Yes,Indexed from official collection title; brief scope inferred from title,"Older technology, program, policy, and health information may require current verification. Captions and transcripts have not been audited.",2026-10-06
Wacky Web Tales: An Introduction to JAWS and Fun with Parts of Speech,APH — American Printing House for the Blind,Video,Archived ExCEL Academy learning activity focused on Wacky Web Tales: An Introduction to JAWS and Fun with Parts of Speech. Adapt participation and materials to the learner’s access needs.,Assistive technology; Recreation and leisure,"Learners, families, and educators",https://www.youtube.com/watch?v=BHPqCRjYhPk,APH Virtual ExCEL Academy,Yes,Indexed from official collection title; brief scope inferred from title,"Older technology, program, policy, and health information may require current verification. Captions and transcripts have not been audited.",2026-10-06
"Welcome to A ""mayzing"" May!",APH — American Printing House for the Blind,Video,"Archived ExCEL Academy learning activity focused on Welcome to A ""mayzing"" May!. Adapt participation and materials to the learner’s access needs.",ECC overview,"Learners, families, and educators",https://www.youtube.com/watch?v=gdmtNZihi00,APH Virtual ExCEL Academy,Yes,Indexed from official collection title; brief scope inferred from title,"Older technology, program, policy, and health information may require current verification. Captions and transcripts have not been audited.",2026-10-06
What makes music movin’ and groovin’?,APH — American Printing House for the Blind,Video,Archived ExCEL Academy learning activity focused on What makes music movin’ and groovin’. Adapt participation and materials to the learner’s access needs.,Recreation and leisure,"Learners, families, and educators",https://www.youtube.com/watch?v=C4KSqU7klhg,APH Virtual ExCEL Academy,Yes,Indexed from official collection title; brief scope inferred from title,"Older technology, program, policy, and health information may require current verification. Captions and transcripts have not been audited.",2026-10-06
What to Do in an Emergency?,APH — American Printing House for the Blind,Video,Archived ExCEL Academy learning activity focused on What to Do in an Emergency. Adapt participation and materials to the learner’s access needs.,ECC overview,"Learners, families, and educators",https://www.youtube.com/watch?v=C5lQ_BSNYZ4,APH Virtual ExCEL Academy,Yes,Indexed from official collection title; brief scope inferred from title,"Older technology, program, policy, and health information may require current verification. Captions and transcripts have not been audited.",2026-10-06
What’s new in the 2nd edition book: Access Technology for Blind and Low Vision Accessibility,APH — American Printing House for the Blind,Video,APH training session focused on What’s new in the 2nd edition book: Access Technology for Blind and Low Vision Accessibility. Consult the recording description for prerequisites and intended audience.,Assistive technology; Sensory efficiency,"Educators, families, and interested learners",https://www.youtube.com/watch?v=H1yvC215jjU,APH Access Academy,Yes,Indexed from official collection title; brief scope inferred from title,"Older technology, program, policy, and health information may require current verification. Captions and transcripts have not been audited.",2026-10-06
"What’s new with JAWS, ZoomText and Fusion in 2023?",APH — American Printing House for the Blind,Video,"APH training session focused on What’s new with JAWS, ZoomText and Fusion in 2023. Consult the recording description for prerequisites and intended audience.",Assistive technology,"Educators, families, and interested learners",https://www.youtube.com/watch?v=1bsWYp0ZKLw,APH Access Academy,Yes,Indexed from official collection title; brief scope inferred from title,"Older technology, program, policy, and health information may require current verification. Captions and transcripts have not been audited.",2026-10-06
What’s New With ZoomText,APH — American Printing House for the Blind,Video,APH training session focused on What’s New With ZoomText. Consult the recording description for prerequisites and intended audience.,Assistive technology,"Educators, families, and interested learners",https://www.youtube.com/watch?v=9i5O4AhEzGg,APH Access Academy,Yes,Indexed from official collection title; brief scope inferred from title,"Older technology, program, policy, and health information may require current verification. Captions and transcripts have not been audited.",2026-10-06
What’s So Special About Singing?,APH — American Printing House for the Blind,Video,Archived ExCEL Academy learning activity focused on What’s So Special About Singing. Adapt participation and materials to the learner’s access needs.,ECC overview,"Learners, families, and educators",https://www.youtube.com/watch?v=nszJZhVJWRk,APH Virtual ExCEL Academy,Yes,Indexed from official collection title; brief scope inferred from title,"Older technology, program, policy, and health information may require current verification. Captions and transcripts have not been audited.",2026-10-06
Where can we make flowers go?,APH — American Printing House for the Blind,Video,Archived ExCEL Academy learning activity focused on Where can we make flowers go. Adapt participation and materials to the learner’s access needs.,ECC overview,"Learners, families, and educators",https://www.youtube.com/watch?v=iBLfbkLGnFI,APH Virtual ExCEL Academy,Yes,Indexed from official collection title; brief scope inferred from title,"Older technology, program, policy, and health information may require current verification. Captions and transcripts have not been audited.",2026-10-06
Wide Range Achievement Test (WRAT-5) for the Wide Range of Students with Vision Loss,APH — American Printing House for the Blind,Video,APH training session focused on Wide Range Achievement Test (WRAT-5) for the Wide Range of Students with Vision Loss. Consult the recording description for prerequisites and intended audience.,Sensory efficiency,"Educators, families, and interested learners",https://www.youtube.com/watch?v=-ectyXGDKQ4,APH Access Academy,Yes,Indexed from official collection title; brief scope inferred from title,"Older technology, program, policy, and health information may require current verification. Captions and transcripts have not been audited.",2026-10-06
Writing with our Imgination,APH — American Printing House for the Blind,Video,Archived ExCEL Academy learning activity focused on Writing with our Imgination. Adapt participation and materials to the learner’s access needs.,ECC overview,"Learners, families, and educators",https://www.youtube.com/watch?v=_-X5Yd0nc7Q,APH Virtual ExCEL Academy,Yes,Indexed from official collection title; brief scope inferred from title,"Older technology, program, policy, and health information may require current verification. Captions and transcripts have not been audited.",2026-10-06
Writing Your Own Quarantine Adventure ebook,APH — American Printing House for the Blind,Video,Archived ExCEL Academy learning activity focused on Writing Your Own Quarantine Adventure ebook. Adapt participation and materials to the learner’s access needs.,ECC overview,"Learners, families, and educators",https://www.youtube.com/watch?v=NDV-BnC4jTw,APH Virtual ExCEL Academy,Yes,Indexed from official collection title; brief scope inferred from title,"Older technology, program, policy, and health information may require current verification. Captions and transcripts have not been audited.",2026-10-06
Yes I Can! Tap into your student’s passion through Coding and ECC,APH — American Printing House for the Blind,Video,APH training session focused on Yes I Can! Tap into your student’s passion through Coding and ECC. Consult the recording description for prerequisites and intended audience.,Assistive technology,"Educators, families, and interested learners",https://www.youtube.com/watch?v=PHft-zEuVoI,APH Access Academy,Yes,Indexed from official collection title; brief scope inferred from title,"Older technology, program, policy, and health information may require current verification. Captions and transcripts have not been audited.",2026-10-06
"You Code, Girl!: Coding is for Everyone with Code Jumper",APH — American Printing House for the Blind,Video,"APH training session focused on You Code, Girl!: Coding is for Everyone with Code Jumper. Consult the recording description for prerequisites and intended audience.",Assistive technology,"Educators, families, and interested learners",https://www.youtube.com/watch?v=4lmfMS5twco,APH Access Academy,Yes,Indexed from official collection title; brief scope inferred from title,"Older technology, program, policy, and health information may require current verification. Captions and transcripts have not been audited.",2026-10-06
Young Man Camp,APH — American Printing House for the Blind,Video,Archived ExCEL Academy learning activity focused on Young Man Camp. Adapt participation and materials to the learner’s access needs.,ECC overview,"Learners, families, and educators",https://www.youtube.com/watch?v=vejZgjQ_V1E,APH Virtual ExCEL Academy,Yes,Indexed from official collection title; brief scope inferred from title,"Older technology, program, policy, and health information may require current verification. Captions and transcripts have not been audited.",2026-10-06
Young Man camp,APH — American Printing House for the Blind,Video,Archived ExCEL Academy learning activity focused on Young Man camp. Adapt participation and materials to the learner’s access needs.,ECC overview,"Learners, families, and educators",https://www.youtube.com/watch?v=cQmEblCo_fI,APH Virtual ExCEL Academy,Yes,Indexed from official collection title; brief scope inferred from title,"Older technology, program, policy, and health information may require current verification. Captions and transcripts have not been audited.",2026-10-06
ZoomText: Web Browsing Tips for Students and Teachers,APH — American Printing House for the Blind,Video,APH training session focused on ZoomText: Web Browsing Tips for Students and Teachers. Consult the recording description for prerequisites and intended audience.,Assistive technology,"Educators, families, and interested learners",https://www.youtube.com/watch?v=Hh2YC4WshYY,APH Access Academy,Yes,Indexed from official collection title; brief scope inferred from title,"Older technology, program, policy, and health information may require current verification. Captions and transcripts have not been audited.",2026-10-06
¡A divertirnos con los sonidos!,APH — American Printing House for the Blind,Video,Archived ExCEL Academy learning activity focused on ¡A divertirnos con los sonidos!. Adapt participation and materials to the learner’s access needs.,ECC overview,"Learners, families, and educators",https://www.youtube.com/watch?v=6h4bURBIetA,APH Virtual ExCEL Academy,Yes,Indexed from official collection title; brief scope inferred from title,"Older technology, program, policy, and health information may require current verification. Captions and transcripts have not been audited.",2026-10-06
"“Beyond Finger Walks: Multi-sensory Adventures for Body, Mind and Spirit”",APH — American Printing House for the Blind,Video,"APH training session focused on “Beyond Finger Walks: Multi-sensory Adventures for Body, Mind and Spirit”. Consult the recording description for prerequisites and intended audience.",Sensory efficiency,"Educators, families, and interested learners",https://www.youtube.com/watch?v=c1EwyZ7ifws,APH Tactile Graphics (BTactile collection),Yes,Indexed from official collection title; brief scope inferred from title,"Older technology, program, policy, and health information may require current verification. Captions and transcripts have not been audited.",2026-10-06
"“Big Pumpkin”: An Accessible, Multi-Sensory Story Time for Students with Multiple Disabilities",APH — American Printing House for the Blind,Video,"Archived ExCEL Academy learning activity focused on “Big Pumpkin”: An Accessible, Multi-Sensory Story Time for Students with Multiple Disabilities. Adapt participation and materials to the learner’s access needs.",Sensory efficiency,"Learners, families, and educators",https://www.youtube.com/watch?v=DR3lsDOeYBE,APH Virtual ExCEL Academy,Yes,Indexed from official collection title; brief scope inferred from title,"Older technology, program, policy, and health information may require current verification. Captions and transcripts have not been audited.",2026-10-06
20 Minute Tech Tips: Searching in Gmail,Vispero Training,Video,Screen-reader training focused on 20 Minute Tech Tips: Searching in Gmail. Check compatibility with your current JAWS and application versions.,ECC overview,JAWS users and trainers,https://www.youtube.com/watch?v=r7mWhKh96AA,JAWS Videos,Yes,Indexed from official collection title; brief scope inferred from title,"Older technology, program, policy, and health information may require current verification. Captions and transcripts have not been audited.",2026-10-06
Accessing Commonly Used Settings with JAWS Quick Settings,Vispero Training,Video,Screen-reader training focused on Accessing Commonly Used Settings with JAWS Quick Settings. Check compatibility with your current JAWS and application versions.,Assistive technology,JAWS users and trainers,https://www.youtube.com/watch?v=hpUu67l6tXw,JAWS Videos,Yes,Indexed from official collection title; brief scope inferred from title,"Older technology, program, policy, and health information may require current verification. Captions and transcripts have not been audited.",2026-10-06
Accessing G Suite with JAWS,Vispero Training,Video,Screen-reader training focused on Accessing G Suite with JAWS. Check compatibility with your current JAWS and application versions.,Assistive technology,JAWS users and trainers,https://www.youtube.com/watch?v=StstRlegtDE,JAWS Videos,Yes,Indexed from official collection title; brief scope inferred from title,"Older technology, program, policy, and health information may require current verification. Captions and transcripts have not been audited.",2026-10-06
Add a Contact to the Address Book in Outlook,Vispero Training,Video,Screen-reader training focused on Add a Contact to the Address Book in Outlook. Check compatibility with your current JAWS and application versions.,ECC overview,JAWS users and trainers,https://www.youtube.com/watch?v=GKCVU0LtecE,JAWS Videos,Yes,Indexed from official collection title; brief scope inferred from title,"Older technology, program, policy, and health information may require current verification. Captions and transcripts have not been audited.",2026-10-06
Adding Favorites in Edge Chromium with JAWS,Vispero Training,Video,Screen-reader training focused on Adding Favorites in Edge Chromium with JAWS. Check compatibility with your current JAWS and application versions.,Assistive technology,JAWS users and trainers,https://www.youtube.com/watch?v=0vfuNjKmBGg,JAWS Videos,Yes,Indexed from official collection title; brief scope inferred from title,"Older technology, program, policy, and health information may require current verification. Captions and transcripts have not been audited.",2026-10-06
An Introduction to Surf's Up! Surfing the Internet with JAWS!,Vispero Training,Video,Screen-reader training focused on An Introduction to Surf's Up! Surfing the Internet with JAWS!. Check compatibility with your current JAWS and application versions.,Assistive technology,JAWS users and trainers,https://www.youtube.com/watch?v=ZAVFzQl8wYU,JAWS Videos,Yes,Indexed from official collection title; brief scope inferred from title,"Older technology, program, policy, and health information may require current verification. Captions and transcripts have not been audited.",2026-10-06
Basic Functions in Google Sheets with JAWS,Vispero Training,Video,Screen-reader training focused on Basic Functions in Google Sheets with JAWS. Check compatibility with your current JAWS and application versions.,Assistive technology,JAWS users and trainers,https://www.youtube.com/watch?v=hTF2OT3_Uvo,JAWS Videos,Yes,Indexed from official collection title; brief scope inferred from title,"Older technology, program, policy, and health information may require current verification. Captions and transcripts have not been audited.",2026-10-06
Change Settings for Braille Viewer or Text Viewer,Vispero Training,Video,Screen-reader training focused on Change Settings for Braille Viewer or Text Viewer. Check compatibility with your current JAWS and application versions.,Compensatory access,JAWS users and trainers,https://www.youtube.com/watch?v=Iki7ZfhG0xc,JAWS Videos,Yes,Indexed from official collection title; brief scope inferred from title,"Older technology, program, policy, and health information may require current verification. Captions and transcripts have not been audited.",2026-10-06
Changing the Data Type Within a Cell in Microsoft Excel,Vispero Training,Video,Screen-reader training focused on Changing the Data Type Within a Cell in Microsoft Excel. Check compatibility with your current JAWS and application versions.,ECC overview,JAWS users and trainers,https://www.youtube.com/watch?v=L0OVSa_l4UU,JAWS Videos,Yes,Indexed from official collection title; brief scope inferred from title,"Older technology, program, policy, and health information may require current verification. Captions and transcripts have not been audited.",2026-10-06
Chatting in Microsoft Teams with JAWS 2021,Vispero Training,Video,Screen-reader training focused on Chatting in Microsoft Teams with JAWS 2021. Check compatibility with your current JAWS and application versions.,Assistive technology,JAWS users and trainers,https://www.youtube.com/watch?v=ur6o1ES_7eY,JAWS Videos,Yes,Indexed from official collection title; brief scope inferred from title,"Older technology, program, policy, and health information may require current verification. Captions and transcripts have not been audited.",2026-10-06
Choosing Playlists on YouTube with JAWS,Vispero Training,Video,Screen-reader training focused on Choosing Playlists on YouTube with JAWS. Check compatibility with your current JAWS and application versions.,Assistive technology; Recreation and leisure,JAWS users and trainers,https://www.youtube.com/watch?v=fVHRDSaWwbk,JAWS Videos,Yes,Indexed from official collection title; brief scope inferred from title,"Older technology, program, policy, and health information may require current verification. Captions and transcripts have not been audited.",2026-10-06
Collaboration in Google Sheets using JAWS,Vispero Training,Video,Screen-reader training focused on Collaboration in Google Sheets using JAWS. Check compatibility with your current JAWS and application versions.,Assistive technology,JAWS users and trainers,https://www.youtube.com/watch?v=zlzyCIOjb70,JAWS Videos,Yes,Indexed from official collection title; brief scope inferred from title,"Older technology, program, policy, and health information may require current verification. Captions and transcripts have not been audited.",2026-10-06
Comments and Notes in Google Sheets with JAWS,Vispero Training,Video,Screen-reader training focused on Comments and Notes in Google Sheets with JAWS. Check compatibility with your current JAWS and application versions.,Assistive technology,JAWS users and trainers,https://www.youtube.com/watch?v=rF3uupTMrSE,JAWS Videos,Yes,Indexed from official collection title; brief scope inferred from title,"Older technology, program, policy, and health information may require current verification. Captions and transcripts have not been audited.",2026-10-06
Common Tasks in Skype with JAWS,Vispero Training,Video,Screen-reader training focused on Common Tasks in Skype with JAWS. Check compatibility with your current JAWS and application versions.,Assistive technology,JAWS users and trainers,https://www.youtube.com/watch?v=fkgnbpwAXlc,JAWS Videos,Yes,Indexed from official collection title; brief scope inferred from title,"Older technology, program, policy, and health information may require current verification. Captions and transcripts have not been audited.",2026-10-06
Compose a New Email,Vispero Training,Video,Screen-reader training focused on Compose a New Email. Check compatibility with your current JAWS and application versions.,ECC overview,JAWS users and trainers,https://www.youtube.com/watch?v=7RibUIOpLnU,JAWS Videos,Yes,Indexed from official collection title; brief scope inferred from title,"Older technology, program, policy, and health information may require current verification. Captions and transcripts have not been audited.",2026-10-06
Create a Different Sounding Vocalizer Expressive JAWS Cursor Voice,Vispero Training,Video,Screen-reader training focused on Create a Different Sounding Vocalizer Expressive JAWS Cursor Voice. Check compatibility with your current JAWS and application versions.,Assistive technology,JAWS users and trainers,https://www.youtube.com/watch?v=N5aYLPEFaSI,JAWS Videos,Yes,Indexed from official collection title; brief scope inferred from title,"Older technology, program, policy, and health information may require current verification. Captions and transcripts have not been audited.",2026-10-06
Create a PowerPoint Title Slide,Vispero Training,Video,Screen-reader training focused on Create a PowerPoint Title Slide. Check compatibility with your current JAWS and application versions.,ECC overview,JAWS users and trainers,https://www.youtube.com/watch?v=uMjCAvIMigE,JAWS Videos,Yes,Indexed from official collection title; brief scope inferred from title,"Older technology, program, policy, and health information may require current verification. Captions and transcripts have not been audited.",2026-10-06
Creating a New Google Sheet with JAWS,Vispero Training,Video,Screen-reader training focused on Creating a New Google Sheet with JAWS. Check compatibility with your current JAWS and application versions.,Assistive technology,JAWS users and trainers,https://www.youtube.com/watch?v=-5oe88f0fT0,JAWS Videos,Yes,Indexed from official collection title; brief scope inferred from title,"Older technology, program, policy, and health information may require current verification. Captions and transcripts have not been audited.",2026-10-06
Deleting Columns in Excel,Vispero Training,Video,Screen-reader training focused on Deleting Columns in Excel. Check compatibility with your current JAWS and application versions.,ECC overview,JAWS users and trainers,https://www.youtube.com/watch?v=AWi8w7GkyxI,JAWS Videos,Yes,Indexed from official collection title; brief scope inferred from title,"Older technology, program, policy, and health information may require current verification. Captions and transcripts have not been audited.",2026-10-06
Entering and Editing Cell Contents in Google Sheets with JAWS,Vispero Training,Video,Screen-reader training focused on Entering and Editing Cell Contents in Google Sheets with JAWS. Check compatibility with your current JAWS and application versions.,Assistive technology,JAWS users and trainers,https://www.youtube.com/watch?v=cTKFBmX7PjM,JAWS Videos,Yes,Indexed from official collection title; brief scope inferred from title,"Older technology, program, policy, and health information may require current verification. Captions and transcripts have not been audited.",2026-10-06
Explore the Microsoft PowerPoint Title Slide and Window with JAWS,Vispero Training,Video,Screen-reader training focused on Explore the Microsoft PowerPoint Title Slide and Window with JAWS. Check compatibility with your current JAWS and application versions.,Assistive technology,JAWS users and trainers,https://www.youtube.com/watch?v=NNvHWzcVelQ,JAWS Videos,Yes,Indexed from official collection title; brief scope inferred from title,"Older technology, program, policy, and health information may require current verification. Captions and transcripts have not been audited.",2026-10-06
Face in View - PictureSmart & More,Vispero Training,Video,Screen-reader training focused on Face in View - PictureSmart & More. Check compatibility with your current JAWS and application versions.,Recreation and leisure,JAWS users and trainers,https://www.youtube.com/watch?v=kHst4icdS0g,JAWS Videos,Yes,Indexed from official collection title; brief scope inferred from title,"Older technology, program, policy, and health information may require current verification. Captions and transcripts have not been audited.",2026-10-06
Filling Out Forms with JAWS,Vispero Training,Video,Screen-reader training focused on Filling Out Forms with JAWS. Check compatibility with your current JAWS and application versions.,Assistive technology,JAWS users and trainers,https://www.youtube.com/watch?v=idIfs386vao,JAWS Videos,Yes,Indexed from official collection title; brief scope inferred from title,"Older technology, program, policy, and health information may require current verification. Captions and transcripts have not been audited.",2026-10-06
Formatting techniques in Google Sheets with JAWS,Vispero Training,Video,Screen-reader training focused on Formatting techniques in Google Sheets with JAWS. Check compatibility with your current JAWS and application versions.,Assistive technology,JAWS users and trainers,https://www.youtube.com/watch?v=KXKiwIy0MC0,JAWS Videos,Yes,Indexed from official collection title; brief scope inferred from title,"Older technology, program, policy, and health information may require current verification. Captions and transcripts have not been audited.",2026-10-06
Fusion and JAWS Braille Viewer Demonstration,Vispero Training,Video,Screen-reader training focused on Fusion and JAWS Braille Viewer Demonstration. Check compatibility with your current JAWS and application versions.,Assistive technology; Compensatory access,JAWS users and trainers,https://www.youtube.com/watch?v=CY0XxUhFAAQ,JAWS Videos,Yes,Indexed from official collection title; brief scope inferred from title,"Older technology, program, policy, and health information may require current verification. Captions and transcripts have not been audited.",2026-10-06
Fusion and JAWS Breaking News - New Braille Viewer and New Text Viewer,Vispero Training,Video,Screen-reader training focused on Fusion and JAWS Breaking News - New Braille Viewer and New Text Viewer. Check compatibility with your current JAWS and application versions.,Assistive technology; Compensatory access,JAWS users and trainers,https://www.youtube.com/watch?v=gVp8qvsx63E,JAWS Videos,Yes,Indexed from official collection title; brief scope inferred from title,"Older technology, program, policy, and health information may require current verification. Captions and transcripts have not been audited.",2026-10-06
General Navigation in Microsoft OneDrive with JAWS,Vispero Training,Video,Screen-reader training focused on General Navigation in Microsoft OneDrive with JAWS. Check compatibility with your current JAWS and application versions.,Assistive technology,JAWS users and trainers,https://www.youtube.com/watch?v=hp715YDPtxs,JAWS Videos,Yes,Indexed from official collection title; brief scope inferred from title,"Older technology, program, policy, and health information may require current verification. Captions and transcripts have not been audited.",2026-10-06
General Navigation in YouTube with JAWS,Vispero Training,Video,Screen-reader training focused on General Navigation in YouTube with JAWS. Check compatibility with your current JAWS and application versions.,Assistive technology,JAWS users and trainers,https://www.youtube.com/watch?v=oMzXAV0ZEsE,JAWS Videos,Yes,Indexed from official collection title; brief scope inferred from title,"Older technology, program, policy, and health information may require current verification. Captions and transcripts have not been audited.",2026-10-06
Google Calendar - Create An Event with JAWS,Vispero Training,Video,Screen-reader training focused on Google Calendar - Create An Event with JAWS. Check compatibility with your current JAWS and application versions.,Assistive technology,JAWS users and trainers,https://www.youtube.com/watch?v=SQskbRLbxa8,JAWS Videos,Yes,Indexed from official collection title; brief scope inferred from title,"Older technology, program, policy, and health information may require current verification. Captions and transcripts have not been audited.",2026-10-06
Google Calendar - Navigate Events with JAWS,Vispero Training,Video,Screen-reader training focused on Google Calendar - Navigate Events with JAWS. Check compatibility with your current JAWS and application versions.,Assistive technology,JAWS users and trainers,https://www.youtube.com/watch?v=n850dk3Crl8,JAWS Videos,Yes,Indexed from official collection title; brief scope inferred from title,"Older technology, program, policy, and health information may require current verification. Captions and transcripts have not been audited.",2026-10-06
Google Calendar - Respond to Invitations,Vispero Training,Video,Screen-reader training focused on Google Calendar - Respond to Invitations. Check compatibility with your current JAWS and application versions.,ECC overview,JAWS users and trainers,https://www.youtube.com/watch?v=Yxp_VPD-V0c,JAWS Videos,Yes,Indexed from official collection title; brief scope inferred from title,"Older technology, program, policy, and health information may require current verification. Captions and transcripts have not been audited.",2026-10-06
Google Calendar - Turn On Keyboard Commands and Use Basic Keystrokes with JAWS,Vispero Training,Video,Screen-reader training focused on Google Calendar - Turn On Keyboard Commands and Use Basic Keystrokes with JAWS. Check compatibility with your current JAWS and application versions.,Assistive technology,JAWS users and trainers,https://www.youtube.com/watch?v=MSYjtXNWxdM,JAWS Videos,Yes,Indexed from official collection title; brief scope inferred from title,"Older technology, program, policy, and health information may require current verification. Captions and transcripts have not been audited.",2026-10-06
Google Calendar Notification Settings,Vispero Training,Video,Screen-reader training focused on Google Calendar Notification Settings. Check compatibility with your current JAWS and application versions.,ECC overview,JAWS users and trainers,https://www.youtube.com/watch?v=dqNAp1UdkMs,JAWS Videos,Yes,Indexed from official collection title; brief scope inferred from title,"Older technology, program, policy, and health information may require current verification. Captions and transcripts have not been audited.",2026-10-06
Google Docs with JAWS - Download to Word,Vispero Training,Video,Screen-reader training focused on Google Docs with JAWS - Download to Word. Check compatibility with your current JAWS and application versions.,Assistive technology,JAWS users and trainers,https://www.youtube.com/watch?v=4uP53g7N7Ag,JAWS Videos,Yes,Indexed from official collection title; brief scope inferred from title,"Older technology, program, policy, and health information may require current verification. Captions and transcripts have not been audited.",2026-10-06
Google Docs with JAWS - Uploading a Word Doc,Vispero Training,Video,Screen-reader training focused on Google Docs with JAWS - Uploading a Word Doc. Check compatibility with your current JAWS and application versions.,Assistive technology,JAWS users and trainers,https://www.youtube.com/watch?v=yjhkFBH4e4o,JAWS Videos,Yes,Indexed from official collection title; brief scope inferred from title,"Older technology, program, policy, and health information may require current verification. Captions and transcripts have not been audited.",2026-10-06
How Do I Use JAWS Speech History?,Vispero Training,Video,Screen-reader training focused on How Do I Use JAWS Speech History. Check compatibility with your current JAWS and application versions.,Assistive technology,JAWS users and trainers,https://www.youtube.com/watch?v=vwAtZel7Vhw,JAWS Videos,Yes,Indexed from official collection title; brief scope inferred from title,"Older technology, program, policy, and health information may require current verification. Captions and transcripts have not been audited.",2026-10-06
How to Accept a Calendar Share in Outlook,Vispero Training,Video,Screen-reader training focused on How to Accept a Calendar Share in Outlook. Check compatibility with your current JAWS and application versions.,ECC overview,JAWS users and trainers,https://www.youtube.com/watch?v=zR4nluwfhCY,JAWS Videos,Yes,Indexed from official collection title; brief scope inferred from title,"Older technology, program, policy, and health information may require current verification. Captions and transcripts have not been audited.",2026-10-06
How to Play Videos on YouTube with JAWS,Vispero Training,Video,Screen-reader training focused on How to Play Videos on YouTube with JAWS. Check compatibility with your current JAWS and application versions.,Assistive technology; Recreation and leisure,JAWS users and trainers,https://www.youtube.com/watch?v=jqvxKLbp6CI,JAWS Videos,Yes,Indexed from official collection title; brief scope inferred from title,"Older technology, program, policy, and health information may require current verification. Captions and transcripts have not been audited.",2026-10-06
How to Read an Email in Outlook,Vispero Training,Video,Screen-reader training focused on How to Read an Email in Outlook. Check compatibility with your current JAWS and application versions.,ECC overview,JAWS users and trainers,https://www.youtube.com/watch?v=_wOA-T0zUvQ,JAWS Videos,Yes,Indexed from official collection title; brief scope inferred from title,"Older technology, program, policy, and health information may require current verification. Captions and transcripts have not been audited.",2026-10-06
How to Save or Open Attachments in Outlook,Vispero Training,Video,Screen-reader training focused on How to Save or Open Attachments in Outlook. Check compatibility with your current JAWS and application versions.,ECC overview,JAWS users and trainers,https://www.youtube.com/watch?v=-rszFU4U1nc,JAWS Videos,Yes,Indexed from official collection title; brief scope inferred from title,"Older technology, program, policy, and health information may require current verification. Captions and transcripts have not been audited.",2026-10-06
How to Share a Snapshot of Your Calendar in Outlook,Vispero Training,Video,Screen-reader training focused on How to Share a Snapshot of Your Calendar in Outlook. Check compatibility with your current JAWS and application versions.,ECC overview,JAWS users and trainers,https://www.youtube.com/watch?v=N22GhXhAs2E,JAWS Videos,Yes,Indexed from official collection title; brief scope inferred from title,"Older technology, program, policy, and health information may require current verification. Captions and transcripts have not been audited.",2026-10-06
How to Share Your Calendar in Outlook,Vispero Training,Video,Screen-reader training focused on How to Share Your Calendar in Outlook. Check compatibility with your current JAWS and application versions.,ECC overview,JAWS users and trainers,https://www.youtube.com/watch?v=LKc0aHfPqGs,JAWS Videos,Yes,Indexed from official collection title; brief scope inferred from title,"Older technology, program, policy, and health information may require current verification. Captions and transcripts have not been audited.",2026-10-06
How to Use Overlay Mode in Outlook with JAWS,Vispero Training,Video,Screen-reader training focused on How to Use Overlay Mode in Outlook with JAWS. Check compatibility with your current JAWS and application versions.,Assistive technology,JAWS users and trainers,https://www.youtube.com/watch?v=pedosMxj420,JAWS Videos,Yes,Indexed from official collection title; brief scope inferred from title,"Older technology, program, policy, and health information may require current verification. Captions and transcripts have not been audited.",2026-10-06
Insert a New Slide in PowerPoint,Vispero Training,Video,Screen-reader training focused on Insert a New Slide in PowerPoint. Check compatibility with your current JAWS and application versions.,ECC overview,JAWS users and trainers,https://www.youtube.com/watch?v=t_aFRnMrRIc,JAWS Videos,Yes,Indexed from official collection title; brief scope inferred from title,"Older technology, program, policy, and health information may require current verification. Captions and transcripts have not been audited.",2026-10-06
Inserting and Deleting Rows and Columns in Google Sheets,Vispero Training,Video,Screen-reader training focused on Inserting and Deleting Rows and Columns in Google Sheets. Check compatibility with your current JAWS and application versions.,ECC overview,JAWS users and trainers,https://www.youtube.com/watch?v=nfyLy-b8HZ0,JAWS Videos,Yes,Indexed from official collection title; brief scope inferred from title,"Older technology, program, policy, and health information may require current verification. Captions and transcripts have not been audited.",2026-10-06
Inserting Rows and Columns in Excel,Vispero Training,Video,Screen-reader training focused on Inserting Rows and Columns in Excel. Check compatibility with your current JAWS and application versions.,ECC overview,JAWS users and trainers,https://www.youtube.com/watch?v=i7HMxREH4v8,JAWS Videos,Yes,Indexed from official collection title; brief scope inferred from title,"Older technology, program, policy, and health information may require current verification. Captions and transcripts have not been audited.",2026-10-06
Inserting the Date and Time in Google Sheets with JAWS,Vispero Training,Video,Screen-reader training focused on Inserting the Date and Time in Google Sheets with JAWS. Check compatibility with your current JAWS and application versions.,Assistive technology,JAWS users and trainers,https://www.youtube.com/watch?v=39qzNnG77RE,JAWS Videos,Yes,Indexed from official collection title; brief scope inferred from title,"Older technology, program, policy, and health information may require current verification. Captions and transcripts have not been audited.",2026-10-06
Introducing FS Companion,Vispero Training,Video,Screen-reader training focused on Introducing FS Companion. Check compatibility with your current JAWS and application versions.,ECC overview,JAWS users and trainers,https://www.youtube.com/watch?v=rI3tYR6UdUE,JAWS Videos,Yes,Indexed from official collection title; brief scope inferred from title,"Older technology, program, policy, and health information may require current verification. Captions and transcripts have not been audited.",2026-10-06
Introducing Page Explorer: Instantly Summarize Any Web Page with FS Companion,Vispero Training,Video,Screen-reader training focused on Introducing Page Explorer: Instantly Summarize Any Web Page with FS Companion. Check compatibility with your current JAWS and application versions.,ECC overview,JAWS users and trainers,https://www.youtube.com/watch?v=0Di913vXLOw,JAWS Videos,Yes,Indexed from official collection title; brief scope inferred from title,"Older technology, program, policy, and health information may require current verification. Captions and transcripts have not been audited.",2026-10-06
JAWS Chrome Settings,Vispero Training,Video,Screen-reader training focused on JAWS Chrome Settings. Check compatibility with your current JAWS and application versions.,Assistive technology,JAWS users and trainers,https://www.youtube.com/watch?v=XBU03IjMvoo,JAWS Videos,Yes,Indexed from official collection title; brief scope inferred from title,"Older technology, program, policy, and health information may require current verification. Captions and transcripts have not been audited.",2026-10-06
JAWS Commands Search,Vispero Training,Video,Screen-reader training focused on JAWS Commands Search. Check compatibility with your current JAWS and application versions.,Assistive technology,JAWS users and trainers,https://www.youtube.com/watch?v=lXrdwj5HXRQ,JAWS Videos,Yes,Indexed from official collection title; brief scope inferred from title,"Older technology, program, policy, and health information may require current verification. Captions and transcripts have not been audited.",2026-10-06
JAWS Commands Search,Vispero Training,Video,Screen-reader training focused on JAWS Commands Search. Check compatibility with your current JAWS and application versions.,Assistive technology,JAWS users and trainers,https://www.youtube.com/watch?v=i6VETHzFqVU,JAWS Videos,Yes,Indexed from official collection title; brief scope inferred from title,"Older technology, program, policy, and health information may require current verification. Captions and transcripts have not been audited.",2026-10-06
JAWS Customizable Settings (Language + Visual),Vispero Training,Video,Screen-reader training focused on JAWS Customizable Settings (Language + Visual). Check compatibility with your current JAWS and application versions.,Assistive technology,JAWS users and trainers,https://www.youtube.com/watch?v=b-0wVA1ft0s,JAWS Videos,Yes,Indexed from official collection title; brief scope inferred from title,"Older technology, program, policy, and health information may require current verification. Captions and transcripts have not been audited.",2026-10-06
JAWS FSReader Overview,Vispero Training,Video,Screen-reader training focused on JAWS FSReader Overview. Check compatibility with your current JAWS and application versions.,Assistive technology,JAWS users and trainers,https://www.youtube.com/watch?v=4H1XLzJ5YVA,JAWS Videos,Yes,Indexed from official collection title; brief scope inferred from title,"Older technology, program, policy, and health information may require current verification. Captions and transcripts have not been audited.",2026-10-06
JAWS QuickTips: Adjusting Volume on the Fly,Vispero Training,Video,Screen-reader training focused on JAWS QuickTips: Adjusting Volume on the Fly. Check compatibility with your current JAWS and application versions.,Assistive technology,JAWS users and trainers,https://www.youtube.com/watch?v=c9AK9igXzZw,JAWS Videos,Yes,Indexed from official collection title; brief scope inferred from title,"Older technology, program, policy, and health information may require current verification. Captions and transcripts have not been audited.",2026-10-06
JAWS QuickTips: Append Selected Text to the Clipboard,Vispero Training,Video,Screen-reader training focused on JAWS QuickTips: Append Selected Text to the Clipboard. Check compatibility with your current JAWS and application versions.,Assistive technology,JAWS users and trainers,https://www.youtube.com/watch?v=b6WnDBOQiVw,JAWS Videos,Yes,Indexed from official collection title; brief scope inferred from title,"Older technology, program, policy, and health information may require current verification. Captions and transcripts have not been audited.",2026-10-06
JAWS QuickTips: Identifying the Address of an Email Link,Vispero Training,Video,Screen-reader training focused on JAWS QuickTips: Identifying the Address of an Email Link. Check compatibility with your current JAWS and application versions.,Assistive technology,JAWS users and trainers,https://www.youtube.com/watch?v=l1nFM3tBpPU,JAWS Videos,Yes,Indexed from official collection title; brief scope inferred from title,"Older technology, program, policy, and health information may require current verification. Captions and transcripts have not been audited.",2026-10-06
JAWS QuickTips: JAWS Settings for Specific Web Pages,Vispero Training,Video,Screen-reader training focused on JAWS QuickTips: JAWS Settings for Specific Web Pages. Check compatibility with your current JAWS and application versions.,Assistive technology,JAWS users and trainers,https://www.youtube.com/watch?v=XpIMYofUisU,JAWS Videos,Yes,Indexed from official collection title; brief scope inferred from title,"Older technology, program, policy, and health information may require current verification. Captions and transcripts have not been audited.",2026-10-06
JAWS QuickTips: Reversing Last Setting,Vispero Training,Video,Screen-reader training focused on JAWS QuickTips: Reversing Last Setting. Check compatibility with your current JAWS and application versions.,Assistive technology,JAWS users and trainers,https://www.youtube.com/watch?v=TyQfuwbZgDc,JAWS Videos,Yes,Indexed from official collection title; brief scope inferred from title,"Older technology, program, policy, and health information may require current verification. Captions and transcripts have not been audited.",2026-10-06
JAWS Quicktips: Using Default Settings,Vispero Training,Video,Screen-reader training focused on JAWS Quicktips: Using Default Settings. Check compatibility with your current JAWS and application versions.,Assistive technology,JAWS users and trainers,https://www.youtube.com/watch?v=x3Bfia-9V3U,JAWS Videos,Yes,Indexed from official collection title; brief scope inferred from title,"Older technology, program, policy, and health information may require current verification. Captions and transcripts have not been audited.",2026-10-06
JAWS QuickTips: Using Place Markers to Select Text,Vispero Training,Video,Screen-reader training focused on JAWS QuickTips: Using Place Markers to Select Text. Check compatibility with your current JAWS and application versions.,Assistive technology,JAWS users and trainers,https://www.youtube.com/watch?v=UqiKYjvVK6Y,JAWS Videos,Yes,Indexed from official collection title; brief scope inferred from title,"Older technology, program, policy, and health information may require current verification. Captions and transcripts have not been audited.",2026-10-06
JAWS QuickTips: Using the Skim Reading Tool,Vispero Training,Video,Screen-reader training focused on JAWS QuickTips: Using the Skim Reading Tool. Check compatibility with your current JAWS and application versions.,Assistive technology; Compensatory access,JAWS users and trainers,https://www.youtube.com/watch?v=Xb73D5c6Vak,JAWS Videos,Yes,Indexed from official collection title; brief scope inferred from title,"Older technology, program, policy, and health information may require current verification. Captions and transcripts have not been audited.",2026-10-06
JAWS QuickTips: Using the Text Analyzer,Vispero Training,Video,Screen-reader training focused on JAWS QuickTips: Using the Text Analyzer. Check compatibility with your current JAWS and application versions.,Assistive technology,JAWS users and trainers,https://www.youtube.com/watch?v=wfs6dDBcrhg,JAWS Videos,Yes,Indexed from official collection title; brief scope inferred from title,"Older technology, program, policy, and health information may require current verification. Captions and transcripts have not been audited.",2026-10-06
JAWS Settings Center,Vispero Training,Video,Screen-reader training focused on JAWS Settings Center. Check compatibility with your current JAWS and application versions.,Assistive technology,JAWS users and trainers,https://www.youtube.com/watch?v=2rgALdbBUBg,JAWS Videos,Yes,Indexed from official collection title; brief scope inferred from title,"Older technology, program, policy, and health information may require current verification. Captions and transcripts have not been audited.",2026-10-06
JAWS Settings: Startup Wizard and Basic Settings,Vispero Training,Video,Screen-reader training focused on JAWS Settings: Startup Wizard and Basic Settings. Check compatibility with your current JAWS and application versions.,Assistive technology; Recreation and leisure,JAWS users and trainers,https://www.youtube.com/watch?v=8ZSmHpEDV-A,JAWS Videos,Yes,Indexed from official collection title; brief scope inferred from title,"Older technology, program, policy, and health information may require current verification. Captions and transcripts have not been audited.",2026-10-06
JAWS Windows 10 Desktop Overview,Vispero Training,Video,Screen-reader training focused on JAWS Windows 10 Desktop Overview. Check compatibility with your current JAWS and application versions.,Assistive technology,JAWS users and trainers,https://www.youtube.com/watch?v=X5Tu-bXNi3s,JAWS Videos,Yes,Indexed from official collection title; brief scope inferred from title,"Older technology, program, policy, and health information may require current verification. Captions and transcripts have not been audited.",2026-10-06
Layered Commands in JAWS - An Introduction,Vispero Training,Video,Screen-reader training focused on Layered Commands in JAWS - An Introduction. Check compatibility with your current JAWS and application versions.,Assistive technology,JAWS users and trainers,https://www.youtube.com/watch?v=WWyDoV-p9OY,JAWS Videos,Yes,Indexed from official collection title; brief scope inferred from title,"Older technology, program, policy, and health information may require current verification. Captions and transcripts have not been audited.",2026-10-06
Mark and Return to a Place in Word with JAWS,Vispero Training,Video,Screen-reader training focused on Mark and Return to a Place in Word with JAWS. Check compatibility with your current JAWS and application versions.,Assistive technology,JAWS users and trainers,https://www.youtube.com/watch?v=PiXs5csZ6o4,JAWS Videos,Yes,Indexed from official collection title; brief scope inferred from title,"Older technology, program, policy, and health information may require current verification. Captions and transcripts have not been audited.",2026-10-06
Microsoft Edge Tips for JAWS: Passwords,Vispero Training,Video,Screen-reader training focused on Microsoft Edge Tips for JAWS: Passwords. Check compatibility with your current JAWS and application versions.,Assistive technology,JAWS users and trainers,https://www.youtube.com/watch?v=oSeTOFBrNGc,JAWS Videos,Yes,Indexed from official collection title; brief scope inferred from title,"Older technology, program, policy, and health information may require current verification. Captions and transcripts have not been audited.",2026-10-06
Microsoft Teams: Scheduling a Meeting (Method 2),Vispero Training,Video,Screen-reader training focused on Microsoft Teams: Scheduling a Meeting (Method 2). Check compatibility with your current JAWS and application versions.,ECC overview,JAWS users and trainers,https://www.youtube.com/watch?v=35RAk3H8mvc,JAWS Videos,Yes,Indexed from official collection title; brief scope inferred from title,"Older technology, program, policy, and health information may require current verification. Captions and transcripts have not been audited.",2026-10-06
Navigating and Reading in Google Sheets with JAWS,Vispero Training,Video,Screen-reader training focused on Navigating and Reading in Google Sheets with JAWS. Check compatibility with your current JAWS and application versions.,Assistive technology; Compensatory access,JAWS users and trainers,https://www.youtube.com/watch?v=64cZjViECzk,JAWS Videos,Yes,Indexed from official collection title; brief scope inferred from title,"Older technology, program, policy, and health information may require current verification. Captions and transcripts have not been audited.",2026-10-06
Navigating Edge Chromium with JAWS,Vispero Training,Video,Screen-reader training focused on Navigating Edge Chromium with JAWS. Check compatibility with your current JAWS and application versions.,Assistive technology,JAWS users and trainers,https://www.youtube.com/watch?v=f9EVqNf7dgU,JAWS Videos,Yes,Indexed from official collection title; brief scope inferred from title,"Older technology, program, policy, and health information may require current verification. Captions and transcripts have not been audited.",2026-10-06
Navigating Microsoft Teams with JAWS 2021,Vispero Training,Video,Screen-reader training focused on Navigating Microsoft Teams with JAWS 2021. Check compatibility with your current JAWS and application versions.,Assistive technology,JAWS users and trainers,https://www.youtube.com/watch?v=iOavAs8Cmbk,JAWS Videos,Yes,Indexed from official collection title; brief scope inferred from title,"Older technology, program, policy, and health information may require current verification. Captions and transcripts have not been audited.",2026-10-06
"Open, Create, Save, and Close Excel Workbooks",Vispero Training,Video,"Screen-reader training focused on Open, Create, Save, and Close Excel Workbooks. Check compatibility with your current JAWS and application versions.",ECC overview,JAWS users and trainers,https://www.youtube.com/watch?v=JjKdxbGo3f0,JAWS Videos,Yes,Indexed from official collection title; brief scope inferred from title,"Older technology, program, policy, and health information may require current verification. Captions and transcripts have not been audited.",2026-10-06
Orientation and Basic Navigation in Google Docs with JAWS,Vispero Training,Video,Screen-reader training focused on Orientation and Basic Navigation in Google Docs with JAWS. Check compatibility with your current JAWS and application versions.,Assistive technology; Orientation and mobility,JAWS users and trainers,https://www.youtube.com/watch?v=QYa44N46I1k,JAWS Videos,Yes,Indexed from official collection title; brief scope inferred from title,"Older technology, program, policy, and health information may require current verification. Captions and transcripts have not been audited.",2026-10-06
Outlook Address Book with JAWS,Vispero Training,Video,Screen-reader training focused on Outlook Address Book with JAWS. Check compatibility with your current JAWS and application versions.,Assistive technology,JAWS users and trainers,https://www.youtube.com/watch?v=3EV5SGJ3-HI,JAWS Videos,Yes,Indexed from official collection title; brief scope inferred from title,"Older technology, program, policy, and health information may require current verification. Captions and transcripts have not been audited.",2026-10-06
Reading Tables with JAWS,Vispero Training,Video,Screen-reader training focused on Reading Tables with JAWS. Check compatibility with your current JAWS and application versions.,Assistive technology; Compensatory access,JAWS users and trainers,https://www.youtube.com/watch?v=xydbnhUdczs,JAWS Videos,Yes,Indexed from official collection title; brief scope inferred from title,"Older technology, program, policy, and health information may require current verification. Captions and transcripts have not been audited.",2026-10-06
Screen Reader and Braille Settings in Google Docs with JAWS,Vispero Training,Video,Screen-reader training focused on Screen Reader and Braille Settings in Google Docs with JAWS. Check compatibility with your current JAWS and application versions.,Assistive technology; Compensatory access,JAWS users and trainers,https://www.youtube.com/watch?v=60av7MvzRoc,JAWS Videos,Yes,Indexed from official collection title; brief scope inferred from title,"Older technology, program, policy, and health information may require current verification. Captions and transcripts have not been audited.",2026-10-06
Selecting Text with Voice Assistant: May 2021 Update,Vispero Training,Video,Screen-reader training focused on Selecting Text with Voice Assistant: May 2021 Update. Check compatibility with your current JAWS and application versions.,ECC overview,JAWS users and trainers,https://www.youtube.com/watch?v=4iG1_gQzZWM,JAWS Videos,Yes,Indexed from official collection title; brief scope inferred from title,"Older technology, program, policy, and health information may require current verification. Captions and transcripts have not been audited.",2026-10-06
Set Font And Point Size in Word,Vispero Training,Video,Screen-reader training focused on Set Font And Point Size in Word. Check compatibility with your current JAWS and application versions.,ECC overview,JAWS users and trainers,https://www.youtube.com/watch?v=2yj1Yxhann0,JAWS Videos,Yes,Indexed from official collection title; brief scope inferred from title,"Older technology, program, policy, and health information may require current verification. Captions and transcripts have not been audited.",2026-10-06
Sharing Files in Microsoft OneDrive with JAWS,Vispero Training,Video,Screen-reader training focused on Sharing Files in Microsoft OneDrive with JAWS. Check compatibility with your current JAWS and application versions.,Assistive technology,JAWS users and trainers,https://www.youtube.com/watch?v=b7UZ2CG5rkY,JAWS Videos,Yes,Indexed from official collection title; brief scope inferred from title,"Older technology, program, policy, and health information may require current verification. Captions and transcripts have not been audited.",2026-10-06
Skype Keyboard Commands with JAWS,Vispero Training,Video,Screen-reader training focused on Skype Keyboard Commands with JAWS. Check compatibility with your current JAWS and application versions.,Assistive technology,JAWS users and trainers,https://www.youtube.com/watch?v=xWMYqtdTnz0,JAWS Videos,Yes,Indexed from official collection title; brief scope inferred from title,"Older technology, program, policy, and health information may require current verification. Captions and transcripts have not been audited.",2026-10-06
Sorting and Reordering Bookmarks in Google Chrome,Vispero Training,Video,Screen-reader training focused on Sorting and Reordering Bookmarks in Google Chrome. Check compatibility with your current JAWS and application versions.,Assistive technology,JAWS users and trainers,https://www.youtube.com/watch?v=Yz2tpDl3i9c,JAWS Videos,Yes,Indexed from official collection title; brief scope inferred from title,"Older technology, program, policy, and health information may require current verification. Captions and transcripts have not been audited.",2026-10-06
Sorting Data in Google Sheets with JAWS,Vispero Training,Video,Screen-reader training focused on Sorting Data in Google Sheets with JAWS. Check compatibility with your current JAWS and application versions.,Assistive technology,JAWS users and trainers,https://www.youtube.com/watch?v=gDYLPWUKqww,JAWS Videos,Yes,Indexed from official collection title; brief scope inferred from title,"Older technology, program, policy, and health information may require current verification. Captions and transcripts have not been audited.",2026-10-06
"Split Braille in JAWS 2024, an Overview",Vispero Training,Video,"Screen-reader training focused on Split Braille in JAWS 2024, an Overview. Check compatibility with your current JAWS and application versions.",Assistive technology; Compensatory access,JAWS users and trainers,https://www.youtube.com/watch?v=fjG2nlUNX_c,JAWS Videos,Yes,Indexed from official collection title; brief scope inferred from title,"Older technology, program, policy, and health information may require current verification. Captions and transcripts have not been audited.",2026-10-06
Split Braille in JAWS 2024: Buffered Text,Vispero Training,Video,Screen-reader training focused on Split Braille in JAWS 2024: Buffered Text. Check compatibility with your current JAWS and application versions.,Assistive technology; Compensatory access,JAWS users and trainers,https://www.youtube.com/watch?v=AyVdEDHIMrE,JAWS Videos,Yes,Indexed from official collection title; brief scope inferred from title,"Older technology, program, policy, and health information may require current verification. Captions and transcripts have not been audited.",2026-10-06
Starting a New Skype Conversation,Vispero Training,Video,Screen-reader training focused on Starting a New Skype Conversation. Check compatibility with your current JAWS and application versions.,Social interaction; Recreation and leisure,JAWS users and trainers,https://www.youtube.com/watch?v=lZB3GkVBNsg,JAWS Videos,Yes,Indexed from official collection title; brief scope inferred from title,"Older technology, program, policy, and health information may require current verification. Captions and transcripts have not been audited.",2026-10-06
Surf's Up! Web Page Elements,Vispero Training,Video,Screen-reader training focused on Surf's Up! Web Page Elements. Check compatibility with your current JAWS and application versions.,ECC overview,JAWS users and trainers,https://www.youtube.com/watch?v=YUtblG1MSwU,JAWS Videos,Yes,Indexed from official collection title; brief scope inferred from title,"Older technology, program, policy, and health information may require current verification. Captions and transcripts have not been audited.",2026-10-06
Synch Files with OneDrive and JAWS,Vispero Training,Video,Screen-reader training focused on Synch Files with OneDrive and JAWS. Check compatibility with your current JAWS and application versions.,Assistive technology,JAWS users and trainers,https://www.youtube.com/watch?v=3U8bUdpfYto,JAWS Videos,Yes,Indexed from official collection title; brief scope inferred from title,"Older technology, program, policy, and health information may require current verification. Captions and transcripts have not been audited.",2026-10-06
The Backstage View in Microsoft Word with JAWS,Vispero Training,Video,Screen-reader training focused on The Backstage View in Microsoft Word with JAWS. Check compatibility with your current JAWS and application versions.,Assistive technology,JAWS users and trainers,https://www.youtube.com/watch?v=HGJDu-VIruU,JAWS Videos,Yes,Indexed from official collection title; brief scope inferred from title,"Older technology, program, policy, and health information may require current verification. Captions and transcripts have not been audited.",2026-10-06
Tips for using JAWS with Edge Chromium,Vispero Training,Video,Screen-reader training focused on Tips for using JAWS with Edge Chromium. Check compatibility with your current JAWS and application versions.,Assistive technology,JAWS users and trainers,https://www.youtube.com/watch?v=D6YLgODM9MQ,JAWS Videos,Yes,Indexed from official collection title; brief scope inferred from title,"Older technology, program, policy, and health information may require current verification. Captions and transcripts have not been audited.",2026-10-06
Upload or Download Files in Microsoft OneDrive with JAWS,Vispero Training,Video,Screen-reader training focused on Upload or Download Files in Microsoft OneDrive with JAWS. Check compatibility with your current JAWS and application versions.,Assistive technology,JAWS users and trainers,https://www.youtube.com/watch?v=WgsHNgv4w6I,JAWS Videos,Yes,Indexed from official collection title; brief scope inferred from title,"Older technology, program, policy, and health information may require current verification. Captions and transcripts have not been audited.",2026-10-06
Useful Keystrokes for Working with Messages in Outlook,Vispero Training,Video,Screen-reader training focused on Useful Keystrokes for Working with Messages in Outlook. Check compatibility with your current JAWS and application versions.,ECC overview,JAWS users and trainers,https://www.youtube.com/watch?v=7qd7N4aZJLM,JAWS Videos,Yes,Indexed from official collection title; brief scope inferred from title,"Older technology, program, policy, and health information may require current verification. Captions and transcripts have not been audited.",2026-10-06
Using Navigation Quick Keys and Other Keyboard Commands to Navigate Web Pages,Vispero Training,Video,Screen-reader training focused on Using Navigation Quick Keys and Other Keyboard Commands to Navigate Web Pages. Check compatibility with your current JAWS and application versions.,Assistive technology,JAWS users and trainers,https://www.youtube.com/watch?v=f9l6ZTDJBjA,JAWS Videos,Yes,Indexed from official collection title; brief scope inferred from title,"Older technology, program, policy, and health information may require current verification. Captions and transcripts have not been audited.",2026-10-06
Using Surf's Up as a Teaching Tool,Vispero Training,Video,Screen-reader training focused on Using Surf's Up as a Teaching Tool. Check compatibility with your current JAWS and application versions.,ECC overview,JAWS users and trainers,https://www.youtube.com/watch?v=NSPBupivfeY,JAWS Videos,Yes,Indexed from official collection title; brief scope inferred from title,"Older technology, program, policy, and health information may require current verification. Captions and transcripts have not been audited.",2026-10-06
Viewing and Searching History in Chrome,Vispero Training,Video,Screen-reader training focused on Viewing and Searching History in Chrome. Check compatibility with your current JAWS and application versions.,Assistive technology,JAWS users and trainers,https://www.youtube.com/watch?v=TfCrii5L1sk,JAWS Videos,Yes,Indexed from official collection title; brief scope inferred from title,"Older technology, program, policy, and health information may require current verification. Captions and transcripts have not been audited.",2026-10-06
Working with Multiple Sheets in Google Sheets using JAWS,Vispero Training,Video,Screen-reader training focused on Working with Multiple Sheets in Google Sheets using JAWS. Check compatibility with your current JAWS and application versions.,Assistive technology,JAWS users and trainers,https://www.youtube.com/watch?v=HdQ0GoBilD8,JAWS Videos,Yes,Indexed from official collection title; brief scope inferred from title,"Older technology, program, policy, and health information may require current verification. Captions and transcripts have not been audited.",2026-10-06
Write and Edit Google Docs with JAWS,Vispero Training,Video,Screen-reader training focused on Write and Edit Google Docs with JAWS. Check compatibility with your current JAWS and application versions.,Assistive technology,JAWS users and trainers,https://www.youtube.com/watch?v=IeyP6DI9n0A,JAWS Videos,Yes,Indexed from official collection title; brief scope inferred from title,"Older technology, program, policy, and health information may require current verification. Captions and transcripts have not been audited.",2026-10-06
